Slope,Elevation,TurbulenceIntensity,Yearly-AirTemperature,Yearly-RelativeHumidity,Yearly-Precipitation,Yearly-WindSpeed,Yearly-WindGustSpeed,Yearly-AirPressure,AnnualSolarIrradiance,AverageNDVI,AverageNDBI,AverageNDWI,AverageLST,AverageCityElevation,AverageDistrictPopulation,AverageDistrictArea,Label
5.93,1195.46,10.3,-32.09,153.7,2663.69,1.43,17.68,1051.35,5.245833333,0.7203,-0.2253,-0.6417,33.69,14,1551019,6509,No
22.55,2831.83,31.79,14.6,67.01,889.6,6.49,84.55,985.93,5.2525,0.0818,0.018,-0.166,28.55,6,400309,3576,Yes
8.39,1473.46,17.71,48.03,142.18,2203.68,1.3,40.97,940.8,5.04,-0.0099,0.0103,0.0416,30.24,553,1536401,3979,No
21.57,2211.92,39.59,21.34,38.3,612.63,4.1,68.61,1046.6,4.173333333,0.0356,-0.1552,0.0082,14.55,3058,1329672,2246,Yes
14.4,909.51,14.05,47.58,147.85,3627.4,0.35,11.1,947.38,4.9925,-0.1288,-0.3468,0.1678,36.03,6,1066063,6205,No
10.93,576.04,9.16,44.97,146.74,2742.29,2.41,24.17,1051.58,4.16,0.0813,0.0288,-0.148,34.77,6,529855,2825,No
15.44,1884.92,36.43,33.29,72.45,410.42,5.78,50.93,1004.41,4.815833333,0.2233,0.0887,-0.2499,32.68,618,3433919,4003,Yes
9.21,21.26,3.47,-39.75,126.63,3802.37,0.94,37.72,1051.08,4.815833333,0.1215,0.1395,-0.1826,30.03,588,1385881,5427,No
29.1,1617.84,22.65,-15.86,21.78,842.23,6.78,67.66,1036.03,4.765833333,0.8116,-0.1912,-0.7286,27.66,133,1220946,5291,Yes
3.74,546.87,1.49,47.69,91.19,3705.31,0.25,25.49,946.2,4.765833333,0.1282,-0.035,-0.092,26.99,32,4261566,2904,No
23.53,2365.17,36.0,-1.35,1.48,156.68,6.71,73.8,969.07,3.489166667,0.177,0.0444,-0.2305,21.56,251,2634200,7152,Yes
9.48,754.76,14.06,43.39,160.95,2049.36,0.36,31.78,1056.04,4.5775,0.2172,0.2292,-0.2315,34.42,9,163418,2026,No
0.49,506.29,15.85,-36.23,114.0,3667.28,0.6,5.46,943.55,5.3225,0.5011,-0.2366,-0.4602,28.93,13,4887813,11391,No
24.98,2075.86,33.62,11.91,39.91,1390.6,7.51,89.22,951.2,4.765833333,0.0788,0.1575,-0.1725,32.42,553,166343,1628,Yes
16.17,1619.73,24.35,-3.96,23.77,1811.46,7.98,92.03,979.18,4.6025,0.138,0.0653,-0.2064,37.76,205,228291,1766,Yes
17.25,2874.4,20.46,39.24,84.17,1943.15,4.31,96.62,981.52,5.3225,0.6386,-0.2963,-0.5571,31.49,37,133487,45110,Yes
26.16,2972.07,34.7,-28.66,87.87,13.81,4.63,75.43,952.91,4.173333333,0.3905,-0.029,-0.4495,35.01,584,3121200,3027,Yes
16.6,1765.58,25.15,22.43,84.48,25.56,5.32,88.02,1034.1,4.4525,0.1334,-0.0194,-0.1973,32.59,47,1486777,0,Yes
8.73,372.26,8.58,46.28,159.7,3880.18,1.78,8.63,1057.45,4.6575,0.8239,-0.3138,-0.7242,29.67,37,1836086,6214,No
10.26,1046.82,8.76,47.11,159.97,2812.37,3.46,17.17,1056.67,4.5775,0.0544,-0.1721,-0.0635,28.81,25,140651,4391,No
21.69,2912.85,29.46,-20.87,80.03,504.5,6.75,70.42,962.46,5.249166667,0.0928,-0.0098,-0.0949,22.2,251,1042137,2277,Yes
3.05,1400.29,15.53,-39.12,114.18,2480.53,1.88,33.07,1056.94,5.421666667,0.2257,0.0103,-0.2668,20.96,90,83955,1382,No
13.56,488.66,17.33,45.34,97.89,2030.94,2.47,48.28,948.4,3.9775,0.0616,0.0221,-0.1168,32.76,5,83448,7032,No
11.07,1140.07,10.89,48.08,152.97,2763.24,2.51,26.06,1052.46,5.295833333,0.0882,0.1891,-0.295,38.78,141,531885,2535,No
13.92,915.96,8.66,-37.3,156.62,2629.58,2.89,42.63,941.65,5.2525,0.1748,-0.0156,-0.2645,35.01,224,1020791,5648,No
17.25,2741.51,37.33,7.11,78.0,1636.11,5.17,63.73,1025.95,3.489166667,0.0455,-0.0851,-0.0231,33.91,5,749237,3747,Yes
3.19,397.64,17.8,41.61,174.58,3091.74,2.88,26.92,946.09,4.899166667,0.1283,0.0701,-0.1512,39.14,242,771639,1052,No
26.58,2471.95,33.11,6.07,5.83,1842.93,7.9,60.51,1017.52,4.173333333,0.0463,0.0353,-0.0286,24.36,12,2822143,8572,Yes
24.15,2897.49,29.34,2.66,43.17,1219.24,4.93,99.48,1020.61,4.815833333,0.1072,0.1306,-0.2235,38.95,508,84121,6401,Yes
20.54,1845.95,24.57,35.0,62.03,897.02,6.97,89.56,975.8,5.146666667,0.0316,-0.1393,-0.0299,33.41,32,142004,35,Yes
22.39,1728.1,23.93,-29.03,8.95,1273.22,4.83,73.56,1033.93,4.255,0.1707,0.1142,-0.2362,39.24,34,139820,4653,Yes
15.6,1933.11,37.21,35.5,13.29,223.91,5.81,51.36,968.75,5.249166667,0.232,0.1128,-0.2469,28.58,125,1648997,6575,Yes
15.91,2202.05,22.42,21.0,85.5,1874.65,5.19,66.5,1020.15,4.6575,0.0495,0.0732,-0.046,32.59,134,1127033,4851,Yes
20.22,2560.7,30.28,-17.88,66.74,737.53,6.49,77.59,998.84,4.815833333,0.3219,0.0154,-0.3199,33.75,32,3077233,6693,Yes
10.98,183.68,14.18,49.14,145.91,3345.63,1.83,44.67,940.07,4.730833333,0.0797,-0.165,-0.053,32.81,15,686133,3237,No
27.43,2088.75,24.48,16.61,17.4,1765.83,4.37,89.89,993.45,5.3225,0.1607,-0.0409,-0.1539,29.03,924,599578,3774,Yes
0.07,885.51,6.06,45.93,134.78,2952.2,0.43,11.97,943.57,4.485,0.3466,0.0032,-0.3592,30.76,32,255230,8530,No
11.44,1029.46,1.52,47.69,170.36,3903.97,0.79,39.46,946.57,3.9775,-0.0084,-0.0109,0.0395,31.53,311,2148665,3349,No
8.19,1253.42,19.24,48.42,152.83,3836.13,1.17,31.52,943.47,4.899166667,0.1392,0.1096,-0.2141,28.72,399,1690400,1884,No
22.64,2865.73,36.11,-13.06,85.3,1246.52,6.98,66.69,962.19,5.04,0.6245,-0.1905,-0.557,33.17,41,738804,1093,Yes
17.03,1912.91,22.16,38.18,14.4,1982.31,7.06,83.75,1018.17,4.6575,0.225,0.0276,-0.2723,31.48,38,3121200,3027,Yes
5.04,1468.92,4.77,41.09,111.31,3791.11,0.58,46.7,1056.05,5.225833333,0.2038,0.0591,-0.2873,20.33,212,1969168,10978,No
22.92,1825.24,26.04,22.08,86.24,452.44,5.01,80.58,1032.54,4.255,0.1561,0.0446,-0.2344,37.83,305,972625,0,Yes
20.9,1884.44,34.07,-22.07,36.4,1993.42,6.55,75.73,962.76,5.3225,0.3809,-0.0882,-0.3851,34.31,349,529855,2825,Yes
2.08,431.31,13.3,43.71,104.8,3938.85,2.8,37.49,1056.3,5.094166667,-0.027,-0.0954,0.0542,32.45,230,283583,954,No
23.73,2878.5,21.33,29.42,51.55,1092.53,7.47,99.96,985.95,4.255,-0.0554,-0.1265,0.0891,25.53,924,1945497,5924,Yes
20.87,1795.97,20.23,7.88,71.39,109.02,5.32,85.67,1006.01,5.245833333,0.3489,0.0454,-0.4662,24.14,212,111975,2362,Yes
26.08,2287.0,30.94,-7.07,76.62,1690.45,5.6,89.33,976.45,5.146666667,0.4249,-0.0647,-0.4277,35.8,335,2159775,6036,Yes
17.23,2756.16,25.37,23.9,23.6,915.83,4.59,62.22,981.32,4.730833333,0.5527,-0.1415,-0.5555,31.47,335,9429408,15643,Yes
4.24,18.42,9.62,47.12,127.88,2695.59,2.63,29.08,1051.64,,0.2432,-0.023,-0.2966,31.76,52,519080,6522,No
3.71,1070.53,9.87,-33.17,144.28,2186.73,1.92,20.6,1055.44,5.2075,0.1168,0.2871,-0.2716,39.37,141,2684487,2040,No
19.68,2260.58,35.66,26.85,71.77,274.01,7.51,59.38,1041.49,4.6575,-0.0008,-0.163,0.0391,37.99,15,875958,3144,Yes
3.51,679.93,9.56,41.42,167.95,3278.35,2.8,27.37,948.13,4.7975,0.2342,-0.0593,-0.2838,36.73,224,1774480,2431,No
27.76,2743.68,20.25,0.35,87.43,1493.57,7.2,78.28,1048.96,5.2525,0.1986,0.1208,-0.2788,37.96,12,815168,1633,Yes
16.71,2918.41,20.05,-28.13,28.64,85.74,4.04,57.78,1013.79,5.04,0.2681,0.0535,-0.3267,35.27,208,2882469,15359,Yes
1.99,1141.73,18.79,48.5,102.04,3010.64,0.98,8.62,1053.93,4.6575,0.103,0.0504,-0.0967,26.22,34,4418797,4041,No
2.31,1151.6,8.88,48.2,148.35,2651.89,2.47,36.36,944.18,4.16,0.151,0.1504,-0.2267,34.52,12,250260,1786,No
1.47,979.99,2.87,45.81,94.39,2764.6,2.7,21.08,1052.92,4.173333333,0.3386,-0.0822,-0.3594,39.92,52,1862559,6905,No
5.91,1390.19,11.16,48.32,174.93,2955.29,0.36,1.1,941.34,5.295833333,0.0008,-0.0141,0.0269,33.03,134,1253938,955,No
21.07,2420.6,38.68,8.99,89.75,972.94,7.44,85.27,1045.78,5.146666667,0.0211,0.0022,-0.0071,32.49,95,314667,1719,Yes
1.7,972.01,18.85,-33.66,163.1,2234.22,2.39,17.71,1058.08,4.765833333,0.461,-0.0527,-0.4506,31.73,14,2562012,2033,No
20.11,2974.44,27.47,32.5,63.07,859.06,6.17,98.57,971.63,4.730833333,0.4847,-0.0513,-0.4512,30.58,643,191173,72,Yes
3.2,1028.38,6.43,-38.11,95.86,3497.22,0.35,33.89,1056.67,5.249166667,0.0697,0.1589,-0.0015,38.89,34,3343872,8535,No
9.32,1222.58,12.72,-39.77,130.86,2806.64,2.75,18.88,941.48,5.245833333,0.0848,0.1148,-0.1549,34.82,180,111975,2362,No
0.04,1404.91,8.66,49.04,113.71,3475.03,1.51,11.02,948.23,5.2525,0.1909,0.0324,-0.181,36.46,21,1696694,3088,No
14.23,368.27,7.22,44.69,97.81,2129.36,1.47,42.5,948.21,4.964166667,0.1645,0.0094,-0.176,34.3,242,78690,4134,No
17.05,2229.07,33.41,21.91,11.44,581.94,7.01,96.76,1008.71,5.249166667,0.0496,-0.0216,-0.0451,32.83,5,4092845,5986,Yes
7.35,527.84,17.76,48.47,151.83,2052.86,2.15,46.44,942.61,4.899166667,0.1884,-0.0947,-0.146,21.24,116,0,0,No
24.83,2824.31,21.33,-23.3,35.81,1380.69,5.6,71.35,959.74,4.815833333,0.4412,-0.015,-0.4546,37.08,643,1924110,5204,Yes
9.36,641.61,7.31,-37.11,168.48,3772.79,2.82,44.49,947.86,4.765833333,0.2007,-0.0309,-0.1852,31.11,12,2823768,3973,No
9.63,956.26,13.95,41.53,176.21,2499.02,2.22,38.65,1056.84,4.964166667,0.1392,0.1027,-0.2119,37.3,205,3487731,5237,No
26.28,2194.64,30.76,34.96,41.53,818.67,5.11,61.57,950.99,5.04,0.5242,-0.0875,-0.5482,35.08,181,5154296,10807,Yes
10.14,678.91,7.82,-35.37,133.11,3650.21,0.3,7.25,1056.13,4.765833333,0.1664,0.0452,-0.2412,34.45,311,949443,1341,No
9.08,88.99,4.97,-39.86,135.15,2399.47,0.75,45.19,940.21,4.815833333,0.3803,-0.0295,-0.3797,30.01,643,1928812,8442,No
17.58,1709.16,39.17,-23.21,77.61,1711.74,7.56,73.91,996.41,5.225833333,0.2316,-0.0195,-0.2617,25.34,211,1536401,3979,Yes
25.56,2970.24,37.77,39.93,30.67,157.13,4.78,98.73,1035.94,5.04,0.3859,-0.0994,-0.4039,31.37,318,196596,2536,Yes
5.33,922.11,6.41,-35.38,91.49,2530.78,0.68,39.24,941.18,4.4525,0.0733,-0.0125,-0.0456,27.71,747,1151050,2668,No
15.09,2633.72,20.95,-16.75,61.09,1436.95,5.1,61.08,967.17,4.505833333,0.1454,0.1082,-0.1714,33.96,69,3951862,2641,Yes
19.27,2689.83,29.87,-21.96,65.4,995.77,4.49,70.86,967.72,3.9775,0.8045,-0.2351,-0.7104,27.02,133,1389920,5570,Yes
4.92,1317.64,1.76,-32.17,110.91,3272.6,2.52,40.33,1053.1,4.899166667,0.2889,0.0398,-0.3523,16.48,212,1895686,3325,No
17.53,2041.98,36.36,11.67,46.79,1517.14,5.45,94.82,999.84,4.815833333,0.0617,0.0679,-0.1198,38.98,134,560440,1086,Yes
19.37,2952.79,20.39,-14.98,31.11,1226.66,7.88,89.53,1011.56,5.04,0.8635,-0.3643,-0.7463,31.77,133,2959918,3881,Yes
4.96,242.92,0.02,45.22,117.34,3263.97,3.3,37.81,940.13,4.6575,0.6978,-0.3565,-0.637,8.3,3058,791042,1811,No
10.01,365.88,11.42,-32.22,157.46,3851.83,2.94,2.52,942.6,,0.0347,0.0628,-0.1081,36.23,612,995746,2242,No
5.18,578.7,12.28,49.18,151.27,3661.52,1.01,47.76,948.14,4.4525,0.2837,0.1159,-0.2785,31.25,125,1066888,3502,No
3.51,1100.05,6.15,42.95,171.1,2462.49,3.43,14.76,940.44,4.16,0.1041,0.0011,-0.1328,22.28,78,318898,904,No
1.58,117.44,7.89,44.05,126.29,3581.12,2.46,13.7,1059.47,4.765833333,0.5756,-0.0916,-0.6184,36.35,337,1873046,8025,No
24.93,2618.89,21.73,-1.69,35.0,45.84,5.19,60.08,1003.71,4.5775,-0.0127,-0.1173,0.0801,35.44,251,814010,5131,Yes
29.57,2948.22,30.36,-15.37,5.56,672.28,5.28,77.48,964.42,5.421666667,0.2879,0.1646,-0.3766,27.95,1406,554985,2637,Yes
1.0,1037.05,6.91,49.02,174.45,2697.68,0.37,19.15,947.71,4.964166667,0.2342,0.1018,-0.3454,38.58,212,2251673,2813,No
11.09,463.63,3.14,42.61,156.17,3712.96,0.95,5.66,1058.35,4.6575,0.2144,0.0622,-0.2606,39.42,34,140651,4391,No
8.05,442.03,17.02,42.94,142.47,3871.84,1.69,30.61,942.31,3.489166667,0.8467,-0.3302,-0.744,33.37,116,3086293,2345,No
24.1,2845.49,35.03,-29.94,30.01,1576.05,7.41,78.45,1013.37,4.964166667,0.2913,-0.0436,-0.3167,30.39,554,1080858,0,Yes
27.93,2547.38,34.48,-12.54,29.44,342.18,7.18,71.12,1049.49,4.505833333,0.3473,-0.0788,-0.3644,36.02,222,1517542,3105,Yes
1.18,76.22,6.32,-31.52,93.0,2715.21,2.76,37.9,1055.57,4.730833333,0.1295,0.0696,-0.2012,23.93,251,283713,1329,No
1.87,1024.42,1.94,48.68,126.76,2219.51,2.58,10.47,947.64,4.6575,0.1771,-0.04,-0.226,33.69,222,1125313,931,No
27.27,2280.83,27.41,-10.43,20.5,111.99,5.64,91.01,1019.99,5.421666667,0.1278,0.1073,-0.1346,22.81,205,1388552,3770,Yes
5.66,520.53,2.91,49.75,104.65,3708.7,0.86,2.44,947.63,4.815833333,0.0781,-0.0928,-0.0508,25.83,0,3797117,4436,No
0.11,1092.75,3.05,46.12,132.51,3010.17,2.63,12.71,943.93,5.2525,0.1394,0.0996,-0.1967,33.37,474,21167,6190,No
11.47,317.29,9.18,48.58,149.68,3374.87,1.78,31.99,943.74,5.2525,0.2941,-0.0069,-0.3264,36.4,208,693947,2036,No
15.08,2388.95,24.64,-25.45,66.22,554.33,4.81,70.08,952.97,4.730833333,0.2231,0.0072,-0.2828,40.8,190,2292958,421,Yes
27.48,2235.47,23.08,25.27,44.88,1110.04,7.82,65.48,953.05,4.679166667,0.1873,0.1001,-0.2217,32.13,251,2193590,2624,Yes
28.13,2290.95,28.91,5.98,63.45,971.9,5.06,85.51,986.81,4.935,0.3258,-0.6253,-0.3562,4.93,3058,957423,1551,Yes
13.96,723.55,5.75,44.84,160.76,3767.43,2.76,0.69,942.57,4.935,0.3054,0.0643,-0.3399,18.11,208,1760405,3098,No
24.42,1624.08,26.44,-21.03,50.17,1791.84,4.87,98.18,968.92,4.255,0.2587,-0.0913,-0.3128,24.64,52,318898,904,Yes
27.36,2052.69,36.21,-7.08,15.35,224.8,7.52,71.64,959.8,4.6025,0.0651,-0.058,-0.1548,36.59,25,1310061,7352,Yes
19.46,1681.54,39.48,-0.64,79.08,1598.94,4.02,64.37,953.75,4.16,0.2979,-0.058,-0.329,27.1,318,817420,2130,Yes
23.89,2789.24,37.23,38.27,70.38,943.15,7.49,84.59,1036.7,5.2525,0.1508,0.0787,-0.2477,36.49,14,1025213,5360,Yes
22.25,1743.95,21.8,-28.31,80.17,182.89,5.68,75.59,1018.17,5.245833333,0.142,0.0254,-0.2272,33.66,219,424483,410,Yes
29.02,2793.55,24.06,-0.63,23.01,725.44,7.47,76.84,1046.53,4.679166667,0.3519,-0.0288,-0.4113,36.76,335,2092745,3204,Yes
20.44,1829.3,31.0,24.28,17.12,1708.56,6.53,84.32,1021.84,4.935,0.3005,-0.0269,-0.3106,35.24,38,1634409,3432,Yes
9.8,756.49,5.55,-32.3,138.05,2914.72,3.08,24.27,1051.47,4.899166667,0.1457,0.1244,-0.1903,30.27,12,684627,1356,No
0.22,461.66,12.44,-33.26,107.69,2210.18,2.59,13.99,1054.8,4.5775,0.1374,0.1332,-0.199,31.53,219,1840221,2249,No
7.35,1017.41,0.9,-34.3,144.55,3214.22,1.55,37.29,1059.29,3.9775,0.0577,0.1737,-0.1306,36.06,747,1108974,4356,No
20.14,1703.5,20.06,-9.42,9.37,912.77,5.58,62.69,998.93,5.3225,0.2553,-0.1093,-0.1826,26.79,618,2722290,4509,Yes
23.35,1847.39,24.81,7.32,38.61,2.48,4.14,55.77,984.98,5.094166667,0.2347,0.119,-0.2812,38.97,9,3209141,3717,Yes
10.32,1383.65,1.56,46.12,128.33,2066.24,1.61,18.01,940.87,3.9775,0.1671,0.0403,-0.2098,37.89,211,1151050,2668,No
18.66,1555.53,20.12,-4.01,36.88,493.83,5.36,96.82,1009.01,3.9775,0.1272,0.0494,-0.1923,36.11,0,708972,0,Yes
22.68,2770.24,28.27,-16.76,61.01,1141.47,5.59,78.41,994.8,4.485,-0.0349,-0.1587,0.1135,28.2,890,330086,8016,Yes
7.4,1195.73,4.87,42.03,111.82,2731.24,2.72,26.38,1055.49,4.6025,0.5525,0.0055,-0.6093,12.99,1406,1666886,1486,No
0.94,536.41,2.97,41.84,94.37,3324.82,0.57,1.35,1058.24,4.815833333,0.0271,0.0873,-0.1107,33.5,612,1634409,3432,No
10.69,789.4,0.95,48.42,145.38,2191.16,2.2,43.69,1058.1,3.9775,0.2067,0.11,-0.2641,36.44,618,49977,2172,No
9.89,264.63,1.96,46.5,156.51,3086.16,1.54,27.35,1055.88,5.249166667,0.0652,0.1817,-0.1166,29.82,508,99214,3603,No
26.3,1553.49,25.08,-27.73,50.73,1633.63,7.08,82.34,992.78,4.4525,0.0046,-0.0689,0.001,31.54,14,3495021,2036,Yes
22.05,1957.0,31.19,25.31,73.62,1339.89,7.84,64.92,982.77,4.964166667,0.2496,-0.0981,-0.2859,25.16,318,814010,5131,Yes
13.76,1061.98,13.11,-36.24,127.2,3050.65,1.25,29.1,1059.64,5.421666667,0.141,0.0909,-0.2136,32.36,588,3681896,5168,No
15.77,2306.34,39.07,14.48,20.13,645.9,4.56,58.76,953.56,4.679166667,0.6703,-0.1858,-0.6439,19.62,441,1949258,2176,Yes
15.94,1674.73,28.75,-18.99,70.84,1784.08,5.93,67.54,998.21,3.489166667,0.1653,0.0758,-0.2429,39.73,14,4063872,12383,Yes
7.51,964.84,8.82,49.81,92.05,3335.67,0.69,28.66,1055.81,5.094166667,0.1583,-0.3108,-0.091,25.96,37,1715183,1646,No
28.32,2968.32,25.79,0.92,76.79,1861.86,6.28,68.67,1012.79,5.04,0.0978,0.1456,-0.1841,36.6,269,2547184,3340,Yes
3.22,680.18,6.64,48.97,100.87,2796.69,1.9,36.41,943.14,5.421666667,0.1602,0.0523,-0.2483,39.33,8,3282388,3063,No
1.77,521.78,0.95,-31.24,116.77,3307.43,2.64,3.83,1059.63,4.815833333,0.1017,0.2691,-0.2586,39.46,141,1969168,10978,No
15.12,1615.56,34.14,16.68,53.43,565.61,6.5,88.14,966.71,4.4525,0.04,0.2431,-0.066,34.96,180,684627,1356,Yes
15.07,1874.79,39.69,33.26,77.73,376.69,6.33,61.3,1021.96,4.765833333,0.0835,-0.1823,-0.0508,28.15,943,1760405,3098,Yes
21.93,2193.4,32.3,9.51,72.88,1469.99,7.68,55.51,988.1,5.2525,0.4754,-0.0829,-0.5085,33.26,441,1401639,0,Yes
13.14,338.72,11.66,46.93,131.28,2280.69,2.83,12.13,1058.45,4.935,0.0511,-0.023,-0.0305,33.21,474,7103807,5324,No
0.16,1161.25,9.21,-39.17,97.32,2623.11,3.43,13.48,1059.92,4.935,0.0477,0.1372,-0.0674,37.51,269,1413199,10470,No
4.21,557.81,16.48,-37.34,169.87,2985.26,0.73,14.63,1056.63,4.765833333,0.1314,0.1806,-0.1531,31.73,0,642415,2630,No
1.39,1451.24,0.1,46.05,113.49,2847.6,1.8,36.78,1057.69,4.6575,0.1819,0.0158,-0.2232,25.14,230,1041099,6624,No
11.54,863.98,12.62,47.98,125.7,3154.14,0.76,44.62,941.99,5.3225,0.621,-0.1939,-0.5469,28.6,584,757847,3427,No
6.55,1401.72,15.39,44.07,142.6,2171.46,0.44,9.96,944.83,3.489166667,0.092,0.0939,-0.173,30.67,280,1321442,3761,No
22.81,1605.33,30.81,-29.79,20.36,1626.87,4.3,86.42,1048.64,5.225833333,0.0512,0.0964,-0.0588,33.61,57,2092371,45674,Yes
2.11,1343.0,12.19,48.2,100.13,3046.02,1.5,21.87,945.88,5.3225,0.0809,0.1421,-0.108,22.46,63,1206640,6598,No
23.52,1529.48,24.85,-24.74,22.88,354.93,6.66,57.65,964.76,5.3225,0.1148,0.1295,-0.1964,34.04,269,4483992,5743,Yes
8.33,690.67,2.25,-34.2,168.54,3964.99,1.76,9.88,1052.22,3.9775,0.1989,0.0422,-0.2608,36.61,205,1840221,2249,No
21.17,1826.1,25.19,3.82,39.09,1602.8,4.34,88.98,968.08,4.16,0.1073,0.0866,-0.1751,38.06,242,985417,0,Yes
20.56,1611.45,20.93,0.96,33.82,600.53,6.12,57.38,1024.73,4.935,0.1865,0.0627,-0.2393,34.82,9,1310061,7352,Yes
3.03,938.56,16.84,42.95,147.1,2954.67,1.17,5.99,940.55,4.4525,0.1373,0.0866,-0.187,35.71,251,3458873,7194,No
28.28,1647.27,27.8,6.38,37.28,1928.56,7.06,52.48,999.33,4.964166667,0.1191,0.2522,-0.3295,37.1,141,3487731,5237,Yes
20.78,2584.26,39.86,16.39,72.28,631.1,4.68,84.91,1039.52,4.9925,0.1589,0.0411,-0.1919,34.32,211,815168,1633,Yes
7.02,1227.43,8.54,43.13,154.74,2720.26,1.97,48.9,942.65,5.3225,0.1882,-0.0309,-0.1958,30.37,184,2634200,7152,No
27.04,1869.46,25.08,-14.12,35.78,1422.94,5.28,63.8,979.82,4.730833333,0.1317,0.2675,-0.208,36.81,0,2446265,0,Yes
15.19,1838.73,39.82,-20.03,14.29,1192.61,7.75,51.42,1031.87,4.935,0.2681,0.0535,-0.3267,35.27,208,1339101,4233,Yes
1.2,1210.06,6.45,-36.36,169.79,3274.04,1.5,3.22,940.9,5.094166667,0.3859,-0.0994,-0.4039,31.37,318,2496970,4405,No
29.86,2829.58,33.99,-26.11,33.98,1521.7,4.7,76.3,1022.78,4.935,0.2467,0.1243,-0.2864,26.57,12,1326335,3381,Yes
28.04,2682.8,39.44,21.24,87.99,1149.92,5.76,55.33,1044.87,4.255,-0.0224,-0.1005,0.0519,38.65,10,1760405,3098,Yes
24.45,2582.96,27.37,28.9,23.53,1188.65,7.26,66.64,1041.83,4.815833333,0.2167,0.0075,-0.2835,38.92,38,599578,3774,Yes
3.79,997.7,18.37,41.36,99.42,3257.54,2.32,49.03,1051.83,5.225833333,0.0584,-0.0633,-0.0283,33.27,9,3264619,3229,No
17.6,2588.77,23.37,6.05,5.57,255.87,6.99,68.06,1025.2,4.765833333,0.1733,-0.2821,-0.099,29.66,13,112274,8325,Yes
9.77,480.41,14.21,-37.94,138.58,3411.32,1.45,42.74,947.87,4.505833333,0.3545,0.0021,-0.4818,20.32,212,3498739,3578,No
21.39,2625.03,30.97,38.32,83.04,240.22,5.42,58.05,970.46,,0.6236,-0.1497,-0.5812,26.03,13,1752753,8478,Yes
21.6,2462.78,39.97,38.47,28.44,757.09,4.47,66.02,984.23,5.094166667,0.133,0.0342,-0.2369,26.67,14,566376,0,Yes
28.0,2534.7,35.67,20.22,14.34,480.23,6.81,64.03,971.05,4.5775,0.0294,-0.1571,-0.0619,37.43,25,3674179,8380,Yes
11.21,1053.36,16.34,-35.99,175.55,2361.67,0.14,21.93,943.41,4.815833333,0.1779,-0.0112,-0.1961,34.39,311,922088,1899,No
3.48,1348.23,0.15,-36.33,153.23,3426.33,0.19,22.27,941.48,5.295833333,0.0644,0.1848,-0.1053,33.17,57,2632733,4152,No
1.73,848.69,7.74,-36.6,107.91,3872.84,2.78,29.51,945.83,4.4525,0.6597,-0.228,-0.5815,27.09,13,196596,2536,No
10.01,464.56,13.72,41.49,114.4,2636.55,2.75,22.74,947.74,4.815833333,0.0814,0.1342,-0.1995,26.65,215,994628,1094,No
11.41,1285.64,16.18,47.52,142.35,3151.32,0.98,26.26,1055.66,5.094166667,0.2036,0.0841,-0.2201,30.14,208,711434,0,No
22.89,1680.61,27.81,-21.2,36.73,768.95,6.28,84.71,1005.41,5.295833333,0.1019,-0.0361,-0.1739,28.31,25,900332,1594,Yes
1.23,951.24,12.21,47.09,152.8,2841.92,3.34,44.09,1058.42,5.245833333,0.0724,0.0833,-0.1405,17.35,228,3264619,3229,No
13.22,1248.86,9.47,-39.11,149.59,3458.67,2.65,47.5,1057.74,3.489166667,0.1479,-0.0146,-0.2147,31.51,224,3071029,3057,No
16.83,2166.19,32.16,1.55,52.29,952.24,5.84,62.97,973.67,4.485,0.1281,0.3016,-0.3124,30.12,141,133487,45110,Yes
7.91,410.17,9.78,-39.36,153.16,3366.85,2.06,13.45,1054.49,4.9925,0.2029,0.0624,-0.2475,38.3,21,140757,1255,No
1.7,88.08,2.51,-38.86,142.64,3393.54,1.76,30.99,1052.83,4.730833333,0.0891,0.0932,-0.196,28.62,215,2335819,2367,No
21.37,2463.55,28.56,25.49,39.89,1420.2,6.38,78.71,1003.05,3.489166667,0.2913,0.0121,-0.3346,38.57,38,1517542,3105,Yes
3.28,111.88,4.36,-31.79,162.95,2596.65,2.33,26.99,1054.4,4.9925,0.722,-0.2459,-0.6019,37.81,116,2877653,2355,No
20.81,2247.63,22.27,31.23,35.96,1227.02,4.75,92.83,997.78,4.485,0.399,-0.1008,-0.4146,29.53,243,1241350,6703,Yes
2.04,633.02,8.77,43.72,109.95,3518.15,1.49,2.98,942.2,4.935,0.0115,-0.0892,0.004,15.72,349,2583052,8481,No
26.25,1568.53,33.04,21.08,87.97,66.0,6.05,73.6,989.55,4.899166667,0.1832,0.1143,-0.2641,36.26,618,238142,2672,Yes
10.45,291.42,11.35,44.27,157.64,3757.64,1.81,9.21,948.65,4.4525,0.2231,0.0072,-0.2828,40.8,190,2547184,3340,No
12.97,411.83,7.26,-37.5,91.27,3191.49,1.92,23.29,1053.47,5.146666667,0.4382,-0.0303,-0.4409,21.24,227,1597668,4823,No
21.92,2579.27,38.08,35.75,54.95,523.75,4.19,97.71,1024.43,4.964166667,0.0705,0.1157,-0.1972,40.96,285,1353445,4104,Yes
11.08,625.96,7.59,-31.93,155.81,2825.57,2.24,24.23,946.38,4.815833333,0.0004,-0.0959,0.0363,30.51,584,83448,7032,No
10.97,1241.71,7.32,44.65,102.93,3504.28,1.8,6.3,1059.62,3.9775,-0.021,-0.2178,0.0918,28.53,9,148226,4662,No
16.05,1729.62,38.07,27.48,84.14,155.8,7.19,55.46,1012.17,5.249166667,0.0789,0.1195,-0.1997,32.52,285,1241350,6703,Yes
16.39,2186.85,39.79,34.91,73.57,84.8,5.82,73.12,1014.97,4.16,0.0564,0.1745,-0.1073,33.08,747,3209141,3717,Yes
8.59,1499.02,8.42,-37.67,101.0,3430.11,0.57,7.63,943.43,4.7975,0.1403,0.0555,-0.2155,36.64,14,5954391,5482,No
10.81,842.64,9.64,-31.93,147.69,2470.92,2.79,41.82,1052.32,4.6025,0.0343,-0.0799,-0.0232,13.91,242,191173,72,No
2.18,58.72,12.54,-39.97,125.67,3150.96,0.15,3.2,1055.47,4.899166667,0.4548,-0.0455,-0.51,38.38,337,1241350,6703,No
2.46,486.75,3.39,-35.0,116.91,2370.09,3.5,29.88,946.07,5.295833333,0.2893,-0.0514,-0.3574,35.84,318,1696694,3088,No
19.78,2839.25,26.47,-15.42,49.74,309.97,4.45,61.46,1048.4,4.730833333,0.0149,0.0005,-0.0067,33.37,84,861766,0,Yes
28.83,1829.56,23.8,-3.62,4.56,412.9,4.99,75.75,957.53,5.3225,0.4847,-0.0513,-0.4512,30.58,643,1150567,2063,Yes
9.91,1494.3,0.64,47.07,155.03,3094.08,1.22,45.38,947.58,4.964166667,0.1826,-0.0363,-0.2161,33.59,311,4092845,5986,No
20.57,2174.93,28.75,26.72,80.74,404.74,5.76,54.94,974.05,4.6575,0.2556,-0.0577,-0.2785,27.62,52,3264619,3229,Yes
28.59,2522.96,33.67,-26.03,46.83,290.3,4.62,74.47,1046.35,4.505833333,0.3722,0.0139,-0.3707,28.3,305,112274,8325,Yes
23.4,1535.51,21.08,36.58,2.45,1376.29,5.65,86.83,989.04,4.935,0.1581,0.0667,-0.2145,36.62,474,1618345,4644,Yes
5.95,1335.84,18.06,-34.48,99.67,2150.13,0.03,45.49,945.46,4.815833333,0.0934,0.1765,-0.0711,32.35,63,1571022,0,No
29.3,2737.35,20.99,19.41,19.6,1931.57,7.37,71.65,1030.71,4.9925,0.0632,0.0561,-0.1252,35.05,5,1974551,2206,Yes
29.85,2429.58,33.4,21.36,71.24,1354.67,4.93,66.12,983.87,5.295833333,0.1102,0.0083,-0.1221,29.98,78,560440,1086,Yes
5.25,1044.8,5.77,-37.09,142.31,3555.48,0.55,28.01,946.39,3.489166667,0.2128,-0.0484,-0.2147,32.74,74,56574,1399,No
13.4,725.13,2.64,42.44,103.53,3011.64,3.05,47.65,940.84,4.485,0.0883,-0.1052,-0.0448,28.6,6,2540073,3305,No
16.98,2898.07,29.2,33.37,27.97,1737.93,5.81,92.29,969.94,4.765833333,0.1803,-0.0494,-0.0195,36.71,12,818008,1736,Yes
16.43,1939.38,33.52,34.22,77.65,1604.5,6.45,82.13,1021.28,4.4525,0.2538,-0.0652,-0.2199,34.84,243,1322784,4093,Yes
22.19,2728.28,39.51,19.71,6.96,1948.14,7.61,76.97,959.1,4.765833333,0.0752,0.006,-0.1135,16.71,220,5095875,4713,Yes
21.58,1912.99,28.39,-19.08,66.45,1365.64,4.88,80.41,1028.23,4.815833333,0.0693,0.1281,-0.125,36.46,309,585449,2316,Yes
25.77,1943.97,30.44,20.19,11.44,1559.55,6.86,97.58,1030.1,5.04,0.2704,0.1113,-0.3865,22.45,184,950075,2457,Yes
14.26,213.04,2.78,-33.12,123.67,2103.12,3.05,26.28,1052.36,4.485,0.4097,-0.1275,-0.4237,35.75,924,2678980,10597,No
2.35,1359.26,5.7,-36.42,171.92,3619.33,0.83,45.35,942.37,5.249166667,0.0705,0.0506,-0.1207,31.39,269,1177361,3582,No
9.9,610.96,7.52,-32.61,173.69,2395.27,1.07,6.64,941.05,5.249166667,0.2277,0.0382,-0.251,29.56,69,1599596,1779,No
19.08,2373.28,32.27,-6.97,88.77,1821.67,6.61,98.68,1028.92,5.245833333,0.2683,0.0274,-0.2434,28.36,417,2445474,4962,Yes
3.85,656.18,12.04,47.26,139.23,3775.33,0.2,38.78,1058.1,5.146666667,0.5595,-0.2352,-0.4891,29.91,227,3077233,6693,No
26.93,2908.77,34.48,-14.49,30.34,1285.09,4.34,70.66,1012.58,5.146666667,0.5332,-0.1946,-0.5325,20.82,441,2090922,11815,Yes
15.15,2613.76,36.54,-0.97,4.87,588.44,7.22,68.75,955.11,5.3225,0.383,-0.0104,-0.4083,29.86,74,4448359,4120,Yes
15.11,2195.35,23.89,33.58,24.82,951.27,7.8,70.14,961.1,5.295833333,0.0007,0.1253,-0.0161,32.19,63,1025213,5360,Yes
16.46,2298.91,33.55,31.77,36.79,1209.59,5.5,63.81,1003.68,4.4525,0.5674,-0.1439,-0.4869,28.28,20,1705678,3008,Yes
7.18,1096.22,5.47,-38.9,104.21,3722.61,2.24,43.0,944.04,4.255,0.0786,0.1872,-0.1174,34.99,269,3502404,4545,No
2.51,199.25,10.41,45.26,135.79,3283.33,0.37,5.33,1057.33,4.4525,0.3203,0.053,-0.3444,32.38,95,1300774,6309,No
25.6,2649.07,24.27,16.64,56.17,1186.32,6.97,65.38,990.98,4.6575,0.5526,-0.3201,-0.5018,28.67,37,1327929,3790,Yes
21.88,1598.93,22.86,-26.59,25.9,1714.98,7.13,84.32,980.88,4.173333333,0.7411,-0.2639,-0.637,28.34,116,3564544,2905,Yes
7.99,414.25,14.02,-35.6,129.76,3887.06,1.77,48.71,941.6,4.485,0.024,-0.0077,-0.0109,29.43,417,577758,0,No
18.27,2109.46,39.85,-25.43,16.0,948.06,7.39,76.52,1029.83,5.04,0.1266,0.0422,-0.1881,25.92,132,1618345,4644,Yes
21.51,1987.42,31.47,-20.97,63.07,535.69,7.45,91.69,1043.88,4.899166667,0.0906,0.0639,-0.1298,31.06,318,875958,3144,Yes
29.52,2247.92,26.66,-8.48,33.38,1178.87,6.16,78.56,1010.67,3.489166667,0.4414,-0.0034,-0.4978,34.4,245,3077233,6693,Yes
8.21,305.16,6.29,-37.08,133.61,3423.07,3.01,3.04,946.03,5.225833333,0.0061,-0.0293,0.0159,34.75,115,1762375,8687,No
5.13,300.25,10.22,-38.35,127.94,3894.15,3.17,33.4,940.15,4.4525,0.0969,0.0389,-0.0995,37.37,242,3276697,3898,No
14.2,108.64,8.39,-31.24,118.88,3022.69,2.73,14.18,945.63,4.6575,0.1231,0.0536,-0.1822,34.02,251,867848,4449,No
21.73,2591.71,29.25,-19.36,55.38,768.35,7.72,78.92,996.81,4.5775,0.1684,0.0972,-0.2385,38.95,10,2446265,0,Yes
23.04,2315.23,26.72,-10.01,47.7,1241.41,6.54,61.21,956.15,4.5775,0.0301,0.1635,-0.0471,37.09,134,1506843,4497,Yes
9.29,1361.58,2.79,48.66,107.85,2047.39,0.68,37.11,944.19,4.6025,0.067,0.0737,-0.1312,26.43,220,1895686,3325,No
22.1,1957.41,34.93,-20.41,27.37,388.16,4.8,72.48,1031.8,5.04,0.1986,0.0823,-0.3009,31.11,12,1618416,0,Yes
2.18,1482.25,2.51,45.56,174.09,2694.46,2.6,16.21,1059.41,5.421666667,-0.0012,0.0123,0.0065,33.68,508,1326335,3381,No
28.34,1579.7,31.55,20.88,44.58,1638.97,4.2,52.19,968.17,5.421666667,-0.1155,0.1514,0.0704,37.48,228,2378458,10252,Yes
5.14,435.71,0.4,45.67,98.73,2316.25,3.05,38.37,948.8,,-0.0191,0.1333,-0.0273,36.36,180,117894,2557,No
3.48,884.0,16.88,44.51,95.41,3397.06,0.96,29.95,1054.94,4.173333333,0.1815,0.1872,-0.268,31.36,1406,1082636,3516,No
14.1,206.35,3.84,47.48,175.08,3649.38,2.93,4.85,946.32,4.6025,0.35,-0.0068,-0.4023,36.21,74,1689974,4565,No
21.1,2578.96,34.87,-14.02,22.33,1205.03,6.82,65.36,1019.35,4.4525,0.1876,0.031,-0.2172,28.95,219,3001127,6307,Yes
7.79,330.13,16.29,47.63,98.2,3516.75,1.57,36.6,1055.58,3.9775,0.2212,0.0135,-0.2775,25.13,311,2090922,11815,No
21.06,1773.25,37.73,-22.12,12.97,1851.29,4.17,92.75,988.23,4.4525,0.5011,-0.2366,-0.4602,28.93,13,875958,3144,Yes
11.38,42.73,18.45,48.33,164.81,3745.97,1.46,7.87,945.5,4.505833333,0.107,0.1364,-0.1886,30.59,180,1750176,4745,No
27.73,1550.75,22.53,-10.9,43.28,992.0,4.61,98.86,990.97,4.9925,0.0317,-0.0591,-0.0071,34.01,57,2031007,3686,Yes
24.31,2176.67,35.93,33.48,48.05,1435.54,7.78,96.42,1015.24,4.255,0.1186,-0.0325,-0.1317,18.44,69,1696694,3088,Yes
8.11,652.22,12.11,43.86,128.65,2578.03,1.72,22.84,945.17,5.225833333,0.1145,-0.0405,-0.1057,25.85,9,1657576,7569,No
21.16,1900.09,39.9,16.39,16.01,109.84,7.65,66.31,1046.58,3.9775,0.758,-0.4358,-0.6593,18.88,181,1450001,2122,Yes
27.68,2202.84,26.16,-26.81,4.16,331.47,4.34,68.06,969.84,4.6025,0.0998,0.0762,-0.1744,36.76,251,1527628,0,Yes
11.53,339.2,10.34,49.65,108.3,3546.8,0.56,28.78,1053.93,5.245833333,0.3751,-0.0952,-0.3652,32.1,445,479148,3271,No
20.43,2194.02,24.54,21.02,70.94,269.01,5.22,80.33,962.75,5.094166667,0.6978,-0.3565,-0.637,8.3,3058,1529958,2342,Yes
21.65,2810.43,38.55,31.16,26.51,735.81,7.95,75.13,967.81,4.765833333,0.2195,0.0361,-0.2697,39.07,474,757847,3427,Yes
3.96,934.93,12.97,-31.31,179.62,3986.22,2.82,26.26,946.98,5.245833333,0.3669,-0.0163,-0.3692,35.42,41,618931,3642,No
18.26,2216.79,36.19,-17.29,18.62,474.36,5.88,53.06,951.5,4.7975,0.8679,-0.2638,-0.7744,22.49,890,2877653,2355,Yes
10.94,1315.36,3.59,-39.41,99.84,2123.68,2.83,29.79,948.45,4.4525,0.2496,-0.0366,-0.2554,29.31,14,1108974,4356,No
4.33,1377.93,16.69,48.65,123.29,2358.55,1.07,11.95,1056.58,4.173333333,0.1782,0.1085,-0.2253,39.78,10,2440073,0,No
22.84,2724.13,37.1,4.05,2.35,82.94,7.92,58.71,1023.22,4.935,-0.0123,-0.03,0.0104,16.86,242,3330464,2219,Yes
11.04,558.25,3.51,-35.92,118.29,2035.89,1.45,37.36,941.83,4.16,0.2689,-0.0446,-0.2863,28.74,222,3121200,3027,No
28.56,2424.99,26.96,-6.72,55.42,1258.63,7.56,79.55,1048.25,4.4525,0.092,0.0939,-0.173,30.67,280,3936331,6075,Yes
11.24,1273.3,10.43,-32.89,166.36,2591.36,0.94,20.8,1052.07,3.489166667,0.3107,-0.1488,-0.273,29.0,13,826067,4256,No
5.62,487.1,16.28,41.16,176.16,2442.56,0.65,25.8,941.93,5.146666667,0.0857,0.029,-0.133,35.36,5,4165626,7546,No
18.92,2727.42,26.04,32.63,1.04,1793.43,4.93,93.05,960.3,5.249166667,0.2062,-0.0029,-0.241,32.86,47,704524,7470,Yes
29.69,2909.89,31.17,-21.95,75.91,1497.91,4.87,73.88,1030.66,4.7975,0.0338,-0.1729,-0.0231,27.85,618,3674179,8380,Yes
9.69,900.17,1.21,-34.92,161.88,2669.66,1.92,36.62,1057.72,3.489166667,0.0306,-0.012,-0.0638,25.71,6,6626178,11143,No
7.19,1450.88,11.68,-35.54,109.0,2363.68,1.43,17.57,947.03,4.765833333,0.4311,-0.0914,-0.3798,29.78,14,5954391,5482,No
28.58,1874.0,36.68,25.64,12.07,468.08,7.15,52.16,979.34,4.935,0.2128,0.0383,-0.2525,26.97,12,876001,3057,Yes
1.72,258.14,4.4,-33.85,158.61,2112.93,2.48,17.89,945.88,4.5775,0.119,-0.0292,-0.1053,25.07,219,258840,2448,No
20.42,2388.24,20.36,6.27,15.18,778.11,6.66,97.49,1010.05,4.16,0.0972,-0.1269,-0.0016,30.81,90,0,0,Yes
8.26,1455.69,14.74,-35.87,174.07,3900.34,0.95,36.03,1053.43,5.3225,0.052,-0.0002,-0.0737,36.03,643,1450001,2122,No
13.44,174.81,8.26,41.88,127.35,3944.28,1.09,18.87,1059.66,5.421666667,0.8474,-0.2867,-0.7501,29.93,133,1367765,1419,No
10.84,1164.97,19.04,46.64,120.42,3716.72,0.64,45.0,941.3,5.3225,0.079,0.1764,-0.1536,32.57,115,1575362,10043,No
23.24,2243.09,20.41,5.05,10.14,1912.8,4.17,62.36,979.62,4.730833333,0.1828,0.0816,-0.3058,39.18,184,1353445,4104,Yes
20.93,2204.82,35.95,15.71,13.16,1041.22,4.9,80.86,1028.37,5.225833333,0.2075,0.1308,-0.2625,25.87,10,1326335,3381,Yes
28.21,2572.8,34.2,16.2,56.65,194.28,4.28,80.46,1004.71,4.4525,0.1028,0.175,-0.2162,35.34,63,1108974,4356,Yes
12.24,36.64,12.75,43.15,101.94,2941.59,2.49,34.46,943.22,4.815833333,0.0651,-0.1172,-0.0458,31.09,417,1445166,5048,No
11.59,651.17,13.57,-39.28,120.89,2702.09,1.99,39.3,943.16,5.245833333,0.732,-0.2516,-0.6512,26.57,133,1895686,3325,No
6.55,348.11,0.27,47.67,126.97,2278.1,2.07,12.91,944.68,4.730833333,0.1488,0.0457,-0.2558,34.1,78,4290589,11161,No
23.18,2121.85,39.97,7.85,10.89,1505.49,6.81,88.87,1045.54,5.249166667,0.7112,-0.1302,-0.6545,22.94,1406,749237,3747,Yes
2.8,1232.32,12.94,-33.41,103.89,3742.61,1.18,42.88,945.36,4.765833333,0.38,-0.0377,-0.3895,38.18,554,851669,5838,No
9.32,200.12,5.27,-31.71,179.01,3322.87,0.14,18.66,1057.7,4.679166667,0.6083,-0.197,-0.5305,24.04,20,49977,2172,No
0.22,1282.49,4.03,-39.33,102.56,3336.56,2.13,18.99,1057.54,4.899166667,0.2709,0.0837,-0.3324,20.64,208,1020791,5648,No
28.66,2074.92,36.53,15.65,64.29,1621.72,6.84,67.71,970.53,4.485,0.0136,-0.0801,0.0228,30.94,564,1036346,5136,Yes
19.01,2554.91,28.25,-1.74,28.91,806.02,8.0,88.9,975.27,4.964166667,0.3293,0.0174,-0.3837,37.58,95,21167,6190,Yes
7.77,299.98,7.53,-35.13,169.29,2566.34,1.84,35.59,1051.3,5.04,0.0898,0.0848,-0.1889,20.42,215,817420,2130,No
16.26,2534.05,37.37,-2.71,61.0,448.81,7.9,70.0,950.79,5.295833333,0.4628,-0.0816,-0.4558,35.5,554,1042886,3718,Yes
9.44,666.85,15.78,-32.46,141.57,2908.81,1.93,15.78,1055.45,4.6575,0.1138,0.275,-0.2986,38.2,141,950075,2457,No
11.72,244.71,11.84,47.82,169.52,3041.18,3.1,29.22,1053.98,4.6575,0.1519,0.0458,-0.2015,27.4,69,2446265,0,No
15.55,2209.57,32.44,1.18,28.65,1253.54,5.62,71.49,975.0,4.16,0.6763,-0.0721,-0.6963,37.16,337,424483,410,Yes
10.41,1125.17,18.32,-39.62,151.45,3769.37,2.3,30.39,945.77,5.2525,0.4578,-0.0049,-0.476,24.61,277,771639,1052,No
5.73,325.6,0.7,-33.78,151.16,2025.63,1.95,44.5,942.58,3.9775,0.0007,-0.0468,0.0156,34.54,285,1736617,3786,No
16.82,2548.05,20.46,4.57,46.33,18.57,5.46,57.44,958.96,,0.1575,0.0947,-0.2184,29.28,12,74004,1130,Yes
25.31,2944.12,22.27,-10.79,3.49,148.38,7.55,62.05,1036.31,5.3225,0.2496,-0.0981,-0.2859,25.16,318,84121,6401,Yes
9.09,168.88,6.85,43.41,128.14,2031.29,2.73,12.73,1056.15,4.935,0.2501,0.1591,-0.2934,33.17,9,1236829,1979,No
25.64,2122.59,27.5,-21.04,66.53,554.78,6.9,84.16,1010.94,4.16,0.1454,0.1082,-0.1714,33.96,69,1000912,1228,Yes
15.66,1783.09,38.7,-29.3,27.35,1350.11,7.69,91.46,966.13,4.5775,0.4619,-0.2133,-0.4067,27.05,133,3466382,3689,Yes
9.73,662.83,11.99,42.78,150.36,2399.62,0.13,47.76,1051.71,5.249166667,0.1018,0.0993,-0.1798,37.0,132,255230,8530,No
12.02,440.84,16.5,-35.1,158.49,3025.82,3.21,41.73,1055.28,4.5775,0.2682,0.0078,-0.3114,21.62,305,4653570,9892,No
11.42,1081.31,1.74,-35.63,146.04,3758.67,0.72,44.88,943.73,4.5775,0.165,0.0358,-0.1914,31.69,234,1752753,8478,No
7.38,141.12,10.89,-39.47,167.09,2467.9,0.56,33.44,947.06,5.094166667,0.2021,-0.0966,-0.1933,22.6,20,1379131,8758,No
27.04,2421.71,34.6,-28.26,57.06,1943.37,7.35,91.9,985.27,5.2525,0.2683,0.0274,-0.2434,28.36,417,2001762,1788,Yes
18.14,1917.8,24.05,-12.66,17.09,71.77,5.69,85.6,1026.44,4.4525,0.187,0.0089,-0.2277,33.17,230,1020791,5648,Yes
23.87,1818.85,21.15,-29.52,27.91,276.11,5.88,99.07,968.79,5.04,0.3005,-0.0269,-0.3106,35.24,38,4448359,4120,Yes
4.61,498.75,18.35,-38.78,178.19,2965.63,2.75,6.71,1051.07,4.505833333,0.6947,-0.1986,-0.6118,34.58,116,2452595,8461,No
12.69,194.42,14.76,-37.57,134.77,2051.01,3.11,37.2,947.46,4.255,0.2257,0.0103,-0.2668,20.96,90,2677333,7732,No
28.43,2245.83,31.07,-6.85,48.44,305.31,6.27,80.53,957.95,5.094166667,0.1007,0.13,-0.1651,30.63,553,479148,3271,Yes
22.03,2678.32,33.24,-17.03,47.04,1725.65,7.64,89.21,1023.44,4.935,-0.0881,0.0103,0.0803,19.63,84,2440073,0,Yes
19.91,2793.99,29.85,-8.52,74.74,1282.27,7.48,76.34,1022.61,4.6025,0.096,-0.0003,-0.1057,26.26,309,610183,2337,Yes
7.18,591.71,17.31,-34.77,116.09,3071.86,0.82,30.73,1053.45,5.295833333,0.3051,-0.0952,-0.3109,26.5,318,2722290,4509,No
5.06,130.28,14.25,-33.89,113.99,3770.05,1.96,48.16,1059.55,4.679166667,0.457,-0.2431,-0.4691,37.94,212,531885,2535,No
19.8,2120.72,26.37,18.83,74.31,1027.64,4.7,50.48,981.66,4.6025,0.7384,-0.1675,-0.7025,29.73,133,590297,2817,Yes
3.79,910.47,12.95,-31.59,124.51,3776.34,2.12,6.63,1051.19,4.9925,0.0844,-0.0027,-0.1756,37.25,230,1942288,4241,No
5.3,1375.08,17.24,-33.02,178.5,3296.05,2.96,19.49,1059.49,5.225833333,0.3872,0.0491,-0.4197,26.69,277,1510075,5739,No
7.05,1257.17,14.57,-39.49,157.43,2915.48,3.32,10.0,1053.09,4.9925,0.0256,-0.0327,-0.0457,22.42,230,7717563,7024,No
28.37,1588.26,38.58,29.47,11.24,1322.82,5.68,69.15,962.41,3.9775,0.2373,0.0832,-0.2655,38.37,417,1150567,2063,Yes
25.35,2216.88,32.35,9.15,77.19,856.8,4.22,85.94,1000.92,4.730833333,0.1144,0.1247,-0.1511,33.73,63,687861,6606,Yes
9.54,1269.37,1.98,-33.31,123.05,2712.14,3.17,9.2,1059.99,4.730833333,0.326,0.0535,-0.3978,25.3,184,1924110,5204,No
10.39,749.04,3.81,-33.34,99.1,3222.25,0.44,14.63,1058.33,4.16,-0.0123,-0.03,0.0104,16.86,242,3120506,10743,No
11.9,375.49,9.24,-33.08,174.04,3670.68,0.47,34.16,946.59,4.815833333,0.0325,-0.0941,-0.0069,33.27,747,166343,1628,No
27.08,1638.09,26.86,22.55,18.3,948.73,6.14,89.98,1023.06,4.6575,0.102,-0.1073,-0.0559,36.85,116,312520,2940,Yes
11.53,484.7,14.1,-35.59,119.85,2655.96,1.54,1.2,1055.91,4.964166667,0.0809,-0.0196,-0.1719,38.71,25,1108974,4356,No
18.63,2175.09,29.44,6.03,55.97,53.15,4.89,96.0,986.42,4.964166667,0.1256,0.0982,-0.1382,22.12,205,1529958,2342,Yes
5.12,311.73,17.0,-32.6,97.31,3904.47,0.37,6.09,947.09,,0.8239,-0.3138,-0.7242,29.67,37,1177361,3582,No
1.86,408.58,17.6,45.46,104.33,2466.19,2.79,17.19,944.33,4.935,0.0229,0.1455,-0.0541,34.96,134,3564544,2905,No
6.41,1481.87,8.55,42.25,104.51,3980.78,1.38,38.42,945.62,5.249166667,0.718,-0.1386,-0.6365,29.23,13,2583052,8481,No
12.08,450.78,10.2,-39.32,142.12,2191.66,3.04,43.95,1053.49,4.964166667,0.3262,-0.0583,-0.3484,31.07,318,4317756,14895,No
30.0,2602.71,36.42,12.3,31.94,839.55,6.51,51.48,1043.91,5.295833333,0.5143,-0.0826,-0.4893,21.51,383,1846823,3149,Yes
7.85,467.91,3.82,-33.34,109.95,2266.57,2.94,11.54,1054.54,4.505833333,0.0843,0.1242,-0.1201,35.67,747,4021243,7680,No
20.62,2215.12,27.17,-24.71,80.03,1314.06,6.0,84.18,953.9,4.5775,0.0977,0.1098,-0.1533,25.57,399,1108974,4356,Yes
23.26,1926.09,26.68,11.27,88.87,1065.62,4.02,85.76,1005.03,5.245833333,0.177,0.0444,-0.2305,21.56,251,1091854,5133,Yes
19.31,2602.8,29.37,17.26,10.69,520.41,6.67,98.41,1033.39,3.489166667,0.1241,0.1198,-0.1893,41.0,318,726978,4291,Yes
18.23,1895.25,30.28,3.44,40.33,424.11,6.94,66.67,974.14,4.6575,0.3602,0.0822,-0.3904,18.17,445,142004,35,Yes
11.52,566.33,3.53,44.58,157.5,2914.48,3.04,5.48,944.02,4.730833333,0.383,-0.0104,-0.4083,29.86,74,749237,3747,No
27.82,1551.73,34.47,-7.15,44.75,746.64,6.53,90.89,958.56,5.295833333,0.0559,0.0141,-0.1262,16.1,612,964655,1530,Yes
5.25,546.59,17.6,-35.26,111.74,2290.23,2.68,40.59,1052.72,4.5775,0.2773,-0.0171,-0.2989,32.58,924,2888445,12210,No
29.6,2410.32,20.68,23.13,43.14,1316.98,4.32,74.71,995.84,5.245833333,0.2116,-0.0063,-0.2549,29.64,52,2390776,5231,Yes
25.24,1847.74,34.33,22.03,22.19,1709.2,5.6,54.21,969.34,4.6575,0.2446,-0.1695,-0.1911,33.83,227,31564,13841,Yes
16.25,2896.23,30.72,10.09,22.3,1381.7,4.13,96.66,1017.21,3.9775,0.2062,-0.0029,-0.241,32.86,47,4092845,5986,Yes
1.62,519.76,4.91,46.05,94.35,3552.95,1.27,40.86,1051.36,4.505833333,0.4746,-0.1457,-0.4239,29.58,277,1885204,2181,No
19.37,1835.05,38.18,20.57,34.72,1262.63,7.66,68.37,985.72,4.6025,0.3617,-0.1539,-0.3255,28.97,315,2888445,12210,Yes
22.34,2766.04,39.62,-11.73,53.36,210.02,5.25,93.53,976.45,4.505833333,0.5968,-0.2226,-0.5679,19.54,441,735394,2565,Yes
0.54,617.44,3.1,45.35,168.86,2134.49,3.48,7.62,941.89,4.6575,0.0652,0.0994,-0.2027,36.26,285,3656539,443,No
24.14,2316.88,21.44,35.83,17.07,375.79,4.54,61.71,1031.52,5.295833333,0.1121,0.011,-0.1606,20.16,69,140802,14036,Yes
23.7,1885.17,20.33,25.54,81.83,1097.53,6.56,98.96,1028.95,4.730833333,-0.0183,-0.0237,0.0292,15.84,1595,767428,0,Yes
7.41,532.85,10.01,46.14,174.52,2448.71,1.19,14.63,947.16,4.730833333,0.1028,-0.059,-0.0911,32.44,747,1563715,7020,No
9.69,543.32,0.96,45.83,135.7,2457.55,1.32,13.57,948.73,4.173333333,0.0928,-0.0098,-0.0949,22.2,251,957423,1551,No
8.77,1474.28,6.15,48.54,157.68,3626.56,2.93,48.82,946.88,4.4525,0.2865,-0.0613,-0.3056,18.33,243,83448,7032,No
19.01,1904.41,37.4,-14.13,64.32,1808.83,6.05,93.82,1019.32,4.6025,0.3564,-0.1293,-0.3418,11.34,95,0,0,Yes
8.9,611.79,18.8,43.02,96.56,3809.59,0.02,23.37,944.6,4.16,0.1152,0.1438,-0.1965,27.18,63,99214,3603,No
26.76,1782.12,39.82,-3.42,46.96,741.69,4.92,62.32,959.12,5.2075,0.3552,-0.0252,-0.3493,27.19,95,2034763,3020,Yes
23.07,2186.55,22.92,-25.51,53.56,1188.03,7.98,78.63,1034.31,4.505833333,0.4927,-0.0859,-0.4603,29.48,445,5913457,9368,Yes
5.07,576.17,2.11,48.09,113.2,2758.89,0.86,46.68,941.68,,0.5221,-0.0792,-0.4796,40.47,305,476835,1674,No
26.9,1849.72,32.88,-26.57,89.4,974.49,6.88,79.77,1023.69,4.7975,0.4437,-0.1378,-0.3817,27.4,27,1924110,5204,Yes
8.39,1018.17,18.06,42.4,118.0,3593.84,0.96,28.01,948.82,5.2075,0.0001,-0.127,0.0439,33.71,63,610382,3852,No
2.66,40.09,5.54,41.52,107.09,3280.23,0.56,11.07,947.81,4.9925,0.7223,-0.2748,-0.656,33.41,181,2029074,5305,No
17.44,1923.28,34.99,-12.07,89.08,1900.46,4.5,67.09,986.41,4.935,0.2748,0.0662,-0.3612,35.56,943,1041099,6624,Yes
15.01,2854.9,38.36,16.39,28.6,912.34,5.14,52.41,1040.52,4.964166667,0.1491,0.2517,-0.2381,35.91,0,1339101,4233,Yes
16.44,2005.0,38.33,10.12,37.21,648.15,6.31,57.67,1018.79,4.505833333,0.0211,0.0022,-0.0071,32.49,95,642415,2630,Yes
10.92,942.15,16.44,-31.31,142.02,3142.0,2.59,24.16,1051.5,4.255,-0.0094,-0.1162,0.0336,16.72,3058,580320,1936,No
2.72,935.99,17.85,44.46,171.91,3920.96,1.19,12.33,942.09,5.295833333,0.4507,-0.0952,-0.4205,37.06,305,1055450,114,No
26.76,1933.73,35.86,-28.59,10.02,694.84,5.94,69.47,986.73,4.765833333,0.0482,-0.0373,-0.029,31.46,95,1942288,4241,Yes
26.41,1961.96,27.79,-17.75,32.92,209.95,5.25,94.26,971.41,5.295833333,0.1364,0.0639,-0.2412,27.74,78,1008183,1824,Yes
0.03,473.71,1.32,42.75,102.29,2350.23,2.47,16.13,1054.84,5.3225,0.2927,0.1289,-0.29,30.01,116,774549,0,No
5.27,509.29,10.39,43.12,143.71,2798.03,2.43,0.64,940.41,3.9775,0.0729,0.1175,-0.2041,37.08,285,928500,1585,No
8.72,335.48,11.53,-33.71,169.75,3518.47,2.37,42.78,940.25,4.935,0.0725,0.0025,-0.0756,30.84,21,1331597,8466,No
9.4,1109.14,14.11,44.37,99.37,2530.64,1.6,14.76,942.94,5.421666667,0.099,-0.2707,-0.0827,27.65,445,2882469,15359,No
15.85,1654.67,30.14,8.99,3.52,1767.54,5.35,89.22,1016.81,4.485,0.2577,-0.2509,-0.1977,31.03,116,561293,898,Yes
27.16,2048.48,34.93,28.07,71.46,1508.02,6.94,70.34,1013.62,4.765833333,0.2407,0.0078,-0.2805,29.9,474,2127086,3642,Yes
27.74,1511.03,29.88,-17.61,37.45,1975.92,4.72,50.54,1025.99,4.6575,0.4472,-0.0901,-0.4732,39.53,245,4063872,12383,Yes
29.68,2433.93,33.11,-17.07,69.03,1406.22,6.7,64.6,1012.07,4.4525,0.1316,0.2044,-0.2742,37.87,141,599578,3774,Yes
28.7,1691.65,36.91,13.17,20.82,1565.12,7.74,63.6,964.13,4.4525,0.129,0.0344,-0.1293,34.53,269,1391753,2140,Yes
15.11,2633.19,25.52,24.67,9.17,923.74,5.32,79.04,1024.61,4.6575,0.1153,0.1967,-0.1593,33.1,125,570465,3334,Yes
12.2,1253.65,19.42,43.52,137.13,2029.97,2.99,29.54,940.12,3.489166667,0.0711,0.2587,-0.1001,33.99,9,2822143,8572,No
19.16,2884.78,31.47,-20.54,21.21,1082.24,4.37,54.27,1007.85,4.964166667,0.1442,-0.0379,-0.1242,34.51,12,1885204,2181,Yes
9.38,951.33,7.38,46.1,159.63,2459.36,2.57,36.35,940.53,4.4525,0.0374,0.0845,-0.0881,33.16,220,1655169,3625,No
23.69,1537.41,34.15,-27.3,13.97,457.25,4.54,84.77,962.05,5.2075,0.1602,0.1112,-0.2076,30.44,1595,849651,5207,Yes
9.08,874.03,17.5,43.16,96.42,3016.02,2.25,48.52,945.28,5.245833333,0.1223,0.088,-0.1856,34.1,318,4165626,7546,No
8.95,1427.82,15.95,-35.65,115.24,2733.77,0.62,11.33,1051.66,4.679166667,-0.0556,0.1019,0.0141,33.81,243,1273821,6375,No
16.54,2124.76,30.85,27.35,8.11,1193.96,5.99,78.76,952.72,4.6575,0.1137,0.0539,-0.1554,27.61,115,3209141,3717,Yes
1.57,466.48,12.45,49.38,93.53,3963.93,2.68,34.92,1055.83,4.7975,0.1919,-0.0073,-0.2667,39.22,190,1255104,4244,No
14.33,926.3,18.04,48.26,100.58,3468.52,2.66,4.2,1055.85,5.3225,0.1984,-0.0477,-0.2123,17.9,211,560440,1086,No
8.49,601.78,17.8,41.99,141.31,2810.78,3.2,42.16,948.98,4.16,0.1984,0.107,-0.2505,39.51,10,2031007,3686,No
16.04,1526.64,27.14,-2.99,41.35,1355.99,4.24,59.75,984.55,5.225833333,0.1782,0.1595,-0.2115,29.14,399,3458873,7194,Yes
6.97,1049.37,0.02,45.11,106.77,2425.24,1.25,9.19,948.62,4.730833333,0.1849,-0.0425,-0.1648,16.93,69,330086,8016,No
11.34,75.84,13.7,-39.24,104.98,2728.75,2.99,22.5,1059.74,5.04,0.348,-0.1706,-0.3158,27.85,13,1551019,6509,No
11.96,82.36,12.5,43.41,145.49,2291.93,1.51,36.7,947.97,5.245833333,0.1414,0.0783,-0.2058,37.28,251,2293919,3562,No
13.57,48.53,14.6,42.62,137.78,2505.32,0.9,13.7,940.94,4.730833333,0.2235,-0.0641,-0.2467,37.0,417,887978,61,No
20.28,1961.16,27.83,-5.78,82.4,1404.04,7.44,93.63,1044.0,5.2075,0.0897,0.1545,-0.1059,30.7,57,1756268,10423,Yes
15.45,1644.99,21.66,18.72,42.62,274.93,7.49,85.66,991.69,4.730833333,0.1362,-0.1298,-0.1191,39.17,417,1099560,0,Yes
13.57,58.56,6.14,41.89,106.74,3914.44,2.04,5.83,940.58,,0.0397,0.108,-0.0528,31.02,747,2089649,4861,No
2.77,1081.16,12.17,-33.13,93.83,3200.59,3.11,6.35,1056.46,4.899166667,0.1289,0.0806,-0.1908,38.46,251,769751,2198,No
19.18,1822.53,28.06,5.63,27.05,1306.54,7.8,70.11,1014.18,4.255,0.2639,0.0849,-0.2994,37.28,34,3943323,0,Yes
27.27,1677.72,29.61,1.01,66.78,681.23,5.15,50.77,991.24,4.815833333,0.1484,-0.0358,-0.1655,38.23,47,0,0,Yes
7.73,353.68,13.65,49.63,170.2,2960.77,0.58,29.27,1052.84,5.245833333,0.1498,0.0502,-0.1585,26.91,205,2440073,0,No
28.03,2198.29,25.96,-23.53,70.25,705.26,7.75,70.62,962.41,5.249166667,0.1265,0.0216,-0.059,21.57,63,609990,0,Yes
10.97,561.6,15.41,-39.75,125.61,2425.1,0.99,33.49,1051.04,4.173333333,-0.0444,-0.063,0.0738,38.64,115,704524,7470,No
7.6,713.55,18.91,-37.56,106.74,2720.06,0.41,15.73,1056.02,5.2075,0.1109,0.0692,-0.1738,35.92,132,3499171,4512,No
7.08,133.28,16.77,-35.26,128.76,3679.28,2.96,1.27,1059.1,4.815833333,0.1159,0.1096,-0.2009,36.28,230,1292042,4950,No
26.59,1690.46,35.93,0.15,49.35,32.67,6.92,57.49,981.06,4.765833333,0.2794,0.0495,-0.3283,33.15,90,875958,3144,Yes
17.84,2439.96,34.29,-7.8,41.17,1558.92,7.05,60.94,977.36,5.146666667,0.0428,-0.0947,-0.0255,33.07,205,1693622,2282,Yes
18.87,1857.09,35.08,2.88,34.73,1574.86,6.11,86.07,952.93,4.935,0.199,0.1206,-0.2924,27.56,445,1016520,7135,Yes
28.96,2756.37,31.42,8.2,81.1,1058.02,7.88,97.52,995.01,4.765833333,0.4145,-0.0416,-0.4337,40.29,335,0,0,Yes
8.3,1445.81,17.05,-36.58,154.26,3665.54,0.15,2.42,946.19,4.16,0.4713,0.0212,-0.4631,28.06,277,99214,3603,No
4.74,1110.87,10.53,45.16,176.81,3332.74,2.63,0.69,947.22,4.935,0.0943,0.0441,-0.1158,33.85,78,1618416,0,No
21.79,2552.45,20.43,6.67,80.89,223.33,7.42,60.66,983.01,4.6575,0.2864,-0.0184,-0.3224,28.66,924,1292042,4950,Yes
18.26,2985.97,25.77,-26.48,45.98,904.8,7.77,84.76,1013.57,4.679166667,0.3336,0.0255,-0.3477,34.66,417,807037,0,Yes
21.71,2680.57,32.19,-13.74,11.09,1327.87,5.7,70.91,1002.48,4.16,0.0291,0.1853,-0.198,29.25,57,887142,3296,Yes
17.6,2292.43,29.99,0.23,46.29,1506.02,6.28,73.58,980.97,5.249166667,0.2803,-0.0424,-0.2787,29.78,924,3282388,3063,Yes
28.19,2340.27,22.42,-19.17,11.06,85.41,5.25,78.22,977.0,4.6025,0.6482,-0.1405,-0.5747,30.17,383,1571022,0,Yes
18.97,1598.42,36.44,-4.48,71.38,438.48,4.81,89.56,1045.98,5.225833333,0.1352,0.0297,-0.1834,27.7,230,1986864,6091,Yes
18.75,2891.56,37.1,-29.95,45.23,173.24,5.47,52.88,978.19,4.485,-0.0127,-0.1492,0.0677,32.31,230,1117361,1640,Yes
9.92,958.14,19.24,41.27,97.5,2929.26,2.59,43.54,1053.61,5.249166667,0.6338,-0.044,-0.6225,18.27,1406,2159775,6036,No
2.41,1107.86,6.47,43.08,101.67,2721.1,1.65,47.84,1058.69,4.5775,0.338,0.0216,-0.4596,15.71,943,2363937,30239,No
22.77,1557.05,39.56,-18.93,8.66,494.1,4.31,75.59,1046.78,4.679166667,0.0716,-0.0204,-0.0447,29.41,125,958405,1834,Yes
2.58,1034.17,12.89,-33.88,94.5,3627.89,0.25,14.23,948.52,4.9925,0.2007,-0.0309,-0.1852,31.11,12,2177331,10498,No
3.23,642.31,17.62,44.25,101.93,3381.92,2.61,9.7,941.74,4.6575,0.457,-0.2431,-0.4691,37.94,212,1065056,2657,No
24.06,2250.16,34.33,14.82,52.39,1596.52,4.59,78.72,997.5,4.9925,0.0338,-0.1729,-0.0231,27.85,618,41816,9,Yes
29.76,1728.58,35.57,36.9,67.42,1065.72,5.07,72.83,1034.03,4.6575,0.3372,0.0356,-0.3124,28.66,116,1032754,4790,Yes
13.1,748.17,15.5,45.5,144.46,3687.59,1.93,13.03,1053.4,4.815833333,0.238,0.2878,-0.3642,31.65,147,2540073,3305,No
17.16,1945.03,31.1,-13.58,77.83,1057.41,6.67,51.78,957.56,4.899166667,0.0306,0.2597,-0.0274,35.86,9,5519145,3149,Yes
25.8,1569.29,37.61,11.14,82.67,455.07,7.44,94.86,952.54,3.9775,0.0715,0.2426,-0.0872,36.62,9,1241519,6390,Yes
1.62,784.94,6.79,44.59,175.95,3863.08,3.25,29.2,1054.7,4.6575,0.2289,0.0491,-0.2202,32.25,190,1099560,0,No
29.6,2074.18,24.25,5.0,23.05,1568.0,7.83,50.95,1016.87,4.7975,0.1684,0.0972,-0.2385,38.95,10,64937,1421,Yes
23.19,1604.78,21.16,26.27,45.19,962.03,5.13,51.84,1009.59,4.9925,0.0505,0.0372,-0.0477,32.93,242,2092371,45674,Yes
28.82,1604.6,32.11,20.13,23.26,728.06,5.12,61.69,953.79,5.295833333,0.4301,-0.2021,-0.4267,23.37,222,554519,4102,Yes
1.26,661.91,16.02,-32.04,133.63,3580.68,0.05,18.88,1059.36,4.505833333,0.0722,-0.086,-0.1973,38.08,285,1150567,2063,No
29.46,2862.37,28.29,26.5,22.79,446.2,6.31,64.03,981.69,4.6575,0.1767,0.0485,-0.1655,28.11,12,1512681,6195,Yes
20.98,2502.37,25.76,18.76,30.17,1648.79,4.73,56.26,1029.62,5.249166667,0.1343,0.0053,-0.1747,31.92,230,1756268,10423,Yes
14.49,646.24,15.47,-38.82,122.69,2116.43,0.76,37.19,1053.95,4.173333333,-0.045,-0.4412,0.0834,29.87,32,1197412,2652,No
21.64,1704.87,39.18,10.51,25.2,1511.29,5.57,84.63,1000.17,4.16,0.1874,0.0959,-0.2266,35.49,125,479148,3271,Yes
10.49,738.62,5.78,-39.37,174.12,2862.21,2.71,0.47,1053.61,5.295833333,0.066,-0.0473,-0.1236,18.82,234,2914253,5097,No
8.93,186.05,2.62,-37.46,127.8,2538.48,0.4,47.35,940.89,4.6575,0.465,-0.0538,-0.4749,32.7,643,1666886,1486,No
4.52,773.04,8.73,49.21,170.64,2838.54,1.57,1.19,946.57,4.7975,0.1966,-0.0377,-0.2176,32.72,227,1693622,2282,No
10.46,269.03,3.21,45.66,158.48,2069.67,1.6,25.87,1059.11,4.505833333,-0.0006,-0.0727,0.0169,36.33,132,2251744,5760,No
2.21,523.26,8.96,-33.82,152.35,2102.44,1.42,30.82,948.63,4.16,0.2982,-0.1857,-0.275,24.66,147,600163,1180,No
12.29,1118.53,15.18,-31.18,109.27,2103.38,3.16,0.83,1051.88,5.245833333,0.1022,0.2231,-0.2752,36.02,141,1506843,4497,No
18.24,2892.29,24.96,3.89,76.14,924.48,5.32,72.69,955.24,4.815833333,0.3073,-0.0435,-0.2794,35.38,349,1379545,2016,Yes
8.06,498.7,17.58,-39.34,114.11,2390.39,2.91,15.73,1058.12,5.146666667,0.0656,0.0695,-0.1323,39.8,5,2292958,421,No
1.73,593.77,2.37,-33.02,126.66,2299.69,1.6,6.08,947.44,4.6575,0.09,0.1644,-0.1473,24.16,115,1450001,2122,No
21.18,2455.35,23.01,29.25,76.77,746.34,5.97,53.92,975.78,4.815833333,0.0866,0.1103,-0.103,34.92,63,3100946,2540,Yes
9.16,544.24,13.06,-36.79,160.23,2671.96,1.37,47.54,1058.98,5.2075,-0.0033,-0.208,-0.0118,7.23,1595,999777,3950,No
9.89,605.03,5.8,-38.47,168.8,3342.5,0.22,37.36,1052.93,5.225833333,0.4669,-0.0976,-0.4785,27.16,227,2519738,10418,No
1.5,227.31,4.69,44.12,179.43,3625.45,2.31,31.87,940.73,4.899166667,0.1167,-0.1442,-0.0817,16.39,3058,228291,1766,No
18.05,2925.31,28.36,-26.6,65.55,709.35,5.82,66.26,1040.21,4.679166667,0.4279,-0.0583,-0.4733,31.86,277,8161961,9960,Yes
16.05,1577.53,31.3,-3.01,39.44,41.4,5.55,68.31,1042.72,4.815833333,0.3336,-0.0098,-0.3388,33.27,27,700843,638,Yes
3.67,1193.8,17.05,-34.45,129.29,2882.14,2.56,40.32,1058.27,5.421666667,0.3225,-0.0663,-0.2838,33.03,90,2440073,0,No
15.6,1964.55,29.53,14.55,6.41,381.52,6.97,99.22,1017.01,5.3225,0.055,0.08,-0.1329,17.51,612,238142,2672,Yes
19.13,2262.13,39.59,-2.24,58.56,1692.71,5.46,62.41,1014.11,4.505833333,0.1187,0.1215,-0.143,23.1,1595,2335819,2367,Yes
10.46,1115.32,3.84,-37.25,91.37,3186.01,3.18,46.37,1054.17,5.245833333,0.215,-0.0407,-0.2628,32.02,224,1615069,8208,No
26.07,2862.95,35.65,1.62,21.33,275.39,6.97,89.71,966.66,4.9925,0.071,0.0047,-0.1381,36.59,230,610183,2337,Yes
6.16,900.2,0.27,-35.0,104.48,3353.46,1.67,18.03,1055.49,5.04,0.0941,0.003,-0.1446,20.76,311,381956,1167,No
24.86,1735.53,38.9,-9.57,80.24,1458.71,7.34,61.73,1016.39,4.964166667,0.249,-0.1962,-0.184,24.37,133,3676841,1535,Yes
25.22,2379.69,26.38,12.92,85.86,1387.65,5.41,87.0,1038.01,4.5775,0.4471,-0.3828,-0.4173,14.55,3058,1205437,1268,Yes
0.12,149.16,0.82,42.27,157.97,3001.32,2.12,3.64,1052.8,5.225833333,0.2802,-0.0111,-0.3147,29.24,474,2583052,8481,No
29.42,2083.33,23.0,-27.46,19.31,1530.69,5.86,98.37,1002.46,4.899166667,-0.0714,-0.1207,0.0952,33.09,78,757847,3427,Yes
13.09,1482.72,18.15,-32.38,169.19,2667.13,1.26,10.83,944.48,5.249166667,0.3262,-0.0583,-0.3484,31.07,318,1648997,6575,No
23.09,1869.86,33.53,22.82,55.75,1974.46,4.63,87.93,1008.26,4.255,0.0752,0.1061,-0.1874,33.98,285,133487,45110,Yes
12.99,1455.54,11.94,45.92,133.43,3529.24,2.21,41.61,1051.57,5.094166667,0.1166,0.0284,-0.1219,34.46,417,995746,2242,No
16.6,2807.42,32.33,-4.47,73.55,1321.56,6.02,68.19,999.45,4.7975,0.1759,-0.0199,-0.1658,35.24,305,822526,4235,Yes
8.94,541.3,6.45,42.48,144.65,2917.89,2.63,6.63,941.25,4.9925,0.6855,-0.1979,-0.5959,28.18,116,1799410,4408,No
5.04,687.65,9.47,-31.18,174.8,3349.06,0.02,30.73,943.95,5.421666667,0.0007,-0.1769,0.0734,34.13,119,3209141,3717,No
5.88,1148.08,12.05,-39.15,93.88,3646.87,2.28,33.39,941.01,5.2075,0.1119,-0.0975,-0.0515,33.58,215,1597668,4823,No
20.25,2944.58,35.77,11.26,73.37,815.13,5.86,78.63,996.53,4.730833333,-0.0123,-0.03,0.0104,16.86,242,799781,4084,Yes
11.49,1260.86,12.98,-38.68,117.77,2350.42,2.32,41.47,940.94,4.9925,0.384,-0.0143,-0.4064,26.48,277,125745,3185,No
10.56,1460.53,11.19,-33.29,113.18,2420.83,2.68,6.18,1054.08,3.489166667,0.8583,-0.2918,-0.7682,26.95,133,5167600,3927,No
20.36,2457.54,23.78,9.93,16.14,585.79,4.96,65.75,1044.61,4.679166667,0.1171,0.0201,-0.1551,19.42,132,616435,2502,Yes
28.02,2557.84,34.47,-21.64,68.01,1380.07,4.87,89.14,1034.59,3.9775,0.1282,0.0114,-0.112,36.84,417,3487731,5237,Yes
23.39,1559.95,26.35,-6.59,38.26,1124.42,6.75,98.57,1044.5,4.485,0.1818,-0.038,-0.2284,21.93,190,554519,4102,Yes
24.26,2903.57,33.26,-15.77,21.2,1067.68,7.07,91.39,989.47,3.9775,0.3074,-0.1746,-0.2542,28.49,37,54080,3900,Yes
1.56,1000.68,1.47,-38.63,115.68,3564.52,0.45,32.19,1053.9,5.04,0.598,-0.1539,-0.5943,24.0,441,391605,8030,No
16.75,1992.37,32.75,11.41,18.14,991.74,6.29,91.13,998.15,4.964166667,0.0511,-0.023,-0.0305,33.21,474,4021243,7680,Yes
25.01,2332.48,39.77,34.44,58.24,1907.76,5.22,64.91,1027.87,3.489166667,0.2952,0.018,-0.3515,18.34,212,4317756,14895,Yes
17.26,1896.71,29.65,-15.42,46.61,215.46,6.85,73.98,989.96,4.679166667,0.1555,0.0233,-0.1618,31.3,318,142004,35,Yes
22.85,1678.03,36.38,29.78,46.65,1398.23,5.39,76.22,950.65,3.9775,-0.0006,-0.0727,0.0169,36.33,132,1388552,3770,Yes
23.37,2638.33,38.76,28.53,77.18,1693.47,5.42,70.95,1000.03,5.249166667,0.0709,0.0811,-0.1733,26.05,215,314667,1719,Yes
25.25,2617.78,26.88,-21.08,56.88,343.59,7.23,94.24,972.83,4.4525,0.2628,0.0361,-0.3183,39.84,564,4081148,19130,Yes
29.9,2588.81,33.27,25.49,10.53,1689.54,5.54,90.98,1002.79,5.094166667,0.1113,0.1097,-0.2139,34.42,8,3682713,4561,Yes
24.06,1662.11,21.78,16.83,17.65,57.84,5.08,76.61,1018.86,4.935,0.0861,-0.3412,-0.0194,29.28,13,3443689,2559,Yes
20.55,2944.97,28.85,-7.72,29.6,347.09,6.5,66.1,953.62,4.173333333,0.0732,0.1296,-0.1643,39.43,180,378230,2400,Yes
13.82,882.61,2.1,44.78,123.01,3114.67,0.51,2.62,946.1,5.295833333,0.6228,-0.0997,-0.6073,19.34,1406,2463289,5211,No
3.49,42.52,4.18,-37.26,105.3,3917.06,2.0,29.06,941.98,4.173333333,0.1135,0.0963,-0.1379,33.17,12,4494204,4038,No
21.02,1518.68,21.59,38.55,46.95,571.58,4.78,89.96,1001.61,4.815833333,0.1455,0.2782,-0.3183,32.92,141,2293919,3562,Yes
16.22,2330.97,31.75,-10.82,76.06,1062.54,5.59,71.08,975.49,4.9925,0.4198,-0.1312,-0.3494,26.64,943,3068420,11724,Yes
23.5,2133.2,33.29,38.41,42.55,1758.36,6.76,67.04,987.92,4.485,0.7765,-0.2455,-0.6765,33.96,890,735394,2565,Yes
24.72,2665.76,20.31,18.71,2.3,462.2,6.93,84.16,980.59,5.146666667,0.6975,-0.2591,-0.6893,40.05,584,1066888,3502,Yes
4.18,1166.51,10.07,46.65,154.79,2041.82,1.61,37.42,945.85,4.6575,0.2977,-0.1076,-0.3333,30.05,318,4517398,8727,No
7.28,343.77,15.79,42.49,172.55,2924.71,1.19,40.14,948.01,5.2525,0.1187,0.0732,-0.1676,31.63,180,161428,4536,No
9.25,467.63,12.88,46.17,164.78,3807.72,2.61,35.41,1059.9,4.7975,0.0814,0.164,-0.1566,32.38,747,617508,1458,No
15.83,2241.0,31.74,36.35,51.97,852.05,4.25,63.74,1024.68,4.964166667,0.0767,0.1665,-0.0812,31.6,57,876001,3057,Yes
21.6,1778.98,24.68,-25.64,16.67,1976.21,5.01,83.57,958.59,3.489166667,0.1395,0.0274,-0.1604,36.24,21,1020791,5648,Yes
2.98,777.21,15.6,44.43,167.95,2443.2,2.69,17.53,1058.25,5.295833333,0.1343,0.0053,-0.1747,31.92,230,8004,9129,No
9.51,669.77,2.77,42.88,170.35,2319.7,0.6,30.61,940.95,4.16,0.1951,0.0604,-0.2671,36.84,205,194622,1615,No
16.55,2174.07,37.5,-0.25,29.99,1888.71,7.88,60.63,974.55,4.815833333,0.1401,0.0725,-0.1666,24.48,205,531885,2535,Yes
25.44,2061.16,28.44,-14.16,37.65,172.94,6.97,86.04,1012.37,4.6575,0.1401,0.1123,-0.2087,36.31,125,1108974,4356,Yes
19.97,2277.68,39.22,31.88,10.33,737.26,7.36,63.62,999.65,5.2075,0.1254,-0.0896,-0.1246,35.21,224,2479052,5187,Yes
26.81,1995.1,30.98,-20.6,19.9,1381.67,7.68,92.46,1032.16,4.935,0.0342,0.0845,-0.054,34.27,280,3282388,3063,Yes
1.87,1294.84,0.05,45.37,171.47,2355.08,2.28,16.9,940.42,5.295833333,0.0807,0.0833,-0.19,35.34,280,133487,45110,No
16.46,2470.1,31.9,-1.15,65.21,1554.64,5.0,77.51,981.22,5.04,0.2373,-0.0476,-0.2854,29.88,318,140802,14036,Yes
2.31,1340.31,14.43,41.12,112.95,2922.32,0.93,6.84,948.53,4.6575,0.0992,0.0256,-0.0796,31.85,34,599578,3774,No
28.53,1744.32,21.07,7.24,65.08,748.97,7.69,95.3,967.08,4.765833333,0.1769,0.1785,-0.2335,19.44,399,1529958,2342,Yes
22.47,2724.15,28.0,9.11,41.39,1904.25,6.56,96.92,1024.39,3.9775,0.0615,0.0484,-0.0061,30.99,84,2298323,3551,Yes
18.09,1713.64,27.54,-23.59,9.61,1535.76,4.17,59.64,981.01,5.04,0.1371,0.0874,-0.1559,37.02,69,1041099,6624,Yes
14.21,728.23,4.01,-32.28,128.08,3786.29,2.78,37.3,1059.49,3.9775,0.1613,0.0516,-0.1606,20.44,208,1064570,4657,No
29.31,1953.34,38.63,-24.78,54.51,1672.12,7.6,85.48,1033.24,4.730833333,0.5139,-0.1162,-0.5488,23.54,335,2959918,3881,Yes
6.79,946.29,8.19,45.29,130.25,3142.01,2.64,14.44,945.83,5.04,0.0986,0.1297,-0.2266,34.12,285,1437169,10277,No
23.25,2087.46,28.58,27.65,66.2,1496.24,5.04,68.2,1037.52,3.9775,0.5018,-0.0615,-0.4688,29.97,277,2371061,2772,Yes
10.09,812.07,4.46,46.62,105.25,3046.75,0.33,30.77,943.6,3.9775,0.0712,-0.1007,-0.1567,32.94,25,4440895,3321,No
21.3,1925.78,34.47,9.58,43.79,1013.19,7.11,82.89,964.6,5.421666667,0.4538,-0.235,-0.3969,11.17,227,1655169,3625,Yes
25.28,2937.67,23.62,23.07,45.73,1264.81,7.25,63.14,1040.56,5.225833333,-0.0591,-0.4305,0.0702,1.66,3058,54080,3900,Yes
2.82,1075.83,0.78,49.9,93.24,2959.47,2.12,44.35,1056.12,4.815833333,0.2304,0.0179,-0.2551,36.42,34,521173,1540,No
10.92,188.07,7.12,45.37,98.16,2987.65,2.69,30.43,1054.49,4.4525,0.1425,-0.0953,-0.1626,26.83,211,136435,1166,No
8.23,460.66,13.69,42.25,97.5,2120.63,3.38,31.36,945.03,4.485,0.2235,-0.0641,-0.2467,37.0,417,1379545,2016,No
11.28,1488.61,16.79,-36.4,128.84,3613.3,0.87,7.77,948.99,4.679166667,0.121,0.0176,-0.1623,26.84,15,83947,7422,No
20.2,2278.35,25.44,32.96,35.85,240.82,4.48,77.99,982.92,3.9775,0.353,-0.0455,-0.3356,33.48,38,200222,157,Yes
5.19,1178.6,7.25,47.76,159.53,2912.27,2.99,10.43,1059.36,5.245833333,0.0008,-0.0141,0.0269,33.03,134,2877653,2355,No
3.9,298.34,18.87,-33.17,144.44,3114.91,0.71,12.49,1058.1,4.679166667,0.3452,-0.016,-0.4033,40.26,335,5519145,3149,No
20.66,1869.22,34.9,13.93,47.98,1343.06,7.64,57.75,976.15,5.094166667,0.1754,0.1184,-0.1747,32.95,205,1174271,5270,Yes
29.7,2752.62,37.02,-5.81,40.66,1600.51,4.53,74.45,982.25,5.146666667,0.4502,-0.0513,-0.4758,39.16,337,250260,1786,Yes
18.12,1730.32,29.98,-17.25,88.71,146.57,5.46,84.26,963.68,4.505833333,0.0736,0.065,-0.1218,28.15,115,145726,5212,Yes
11.06,286.58,14.4,48.46,127.56,2303.73,2.27,38.64,1051.17,5.249166667,0.0253,0.1121,-0.0496,34.65,553,2547184,3340,No
0.41,933.65,7.34,46.28,141.96,2895.18,1.49,4.78,1057.91,5.3225,0.0957,-0.1548,-0.0043,37.51,311,1339101,4233,No
6.24,915.56,16.76,47.91,143.38,3266.14,0.94,34.52,1056.62,5.2075,0.1598,-0.0447,-0.218,30.42,47,4418797,4041,No
17.34,1710.13,22.12,-6.85,84.11,1187.07,7.78,76.8,1012.53,4.6025,0.0257,-0.0353,-0.016,37.31,34,2090922,11815,Yes
27.53,2963.64,37.45,5.3,25.52,457.83,7.53,93.12,1039.23,4.505833333,0.0568,0.0004,-0.1372,36.04,5,1512681,6195,Yes
6.91,1398.91,18.89,-38.03,168.2,3025.92,2.79,30.6,944.37,4.4525,0.4646,-0.1773,-0.4297,29.2,133,1108974,4356,No
5.74,550.53,6.17,42.97,160.33,3603.14,1.39,18.02,945.09,4.964166667,0.1532,-0.0407,-0.1634,33.88,222,83947,7422,No
0.62,1258.9,2.77,-35.77,164.43,3967.35,3.05,34.11,1057.22,5.146666667,0.0628,-0.0975,-0.0305,33.9,269,1703005,4459,No
20.21,2008.0,33.94,26.36,67.87,1287.46,7.18,63.75,968.78,4.935,0.4105,-0.0898,-0.3971,21.71,643,482162,1923,Yes
6.79,883.9,13.16,-36.79,96.55,3206.97,1.26,41.27,948.59,4.815833333,0.1975,0.0726,-0.2682,34.43,12,2603751,28387,No
29.56,2582.43,21.51,13.09,33.54,1028.38,5.67,98.83,996.11,4.173333333,-0.0079,-0.0769,0.0194,27.43,5,1774480,2431,Yes
16.59,2928.99,39.89,20.71,50.66,553.53,4.83,82.58,1015.96,4.730833333,0.2554,-0.0184,-0.2253,29.4,32,2378458,10252,Yes
27.12,1524.82,29.76,38.02,67.87,115.07,6.34,88.0,1012.96,5.249166667,0.1148,0.1647,-0.2041,34.8,125,2090922,11815,Yes
25.94,2874.82,39.2,-14.41,43.64,973.69,6.67,87.82,1017.48,4.5775,-0.0206,0.0531,0.0037,33.38,251,3006538,4388,Yes
15.16,2433.66,33.46,21.53,54.13,1032.91,4.45,88.61,958.26,5.421666667,0.1842,0.0461,-0.2653,35.4,445,476835,1674,Yes
22.67,1736.97,37.17,9.03,19.29,948.47,5.56,59.99,986.8,4.679166667,0.0226,-0.2908,-0.0147,18.52,219,2160119,14184,Yes
1.82,1152.54,17.95,-39.15,123.68,3645.81,2.79,4.07,947.91,4.4525,-0.2305,0.0846,0.15,30.7,52,392232,345,No
11.25,8.83,14.71,-39.97,119.46,2576.31,0.41,24.53,1058.61,,0.1704,0.0781,-0.2426,36.61,78,10009781,4094,No
0.3,1298.69,3.58,-38.57,123.3,2923.38,3.16,15.33,946.08,4.964166667,0.148,0.0385,-0.1025,32.35,305,49977,2172,No
18.69,2833.73,22.27,-11.05,59.02,187.91,4.11,97.85,990.12,4.173333333,0.1759,-0.0199,-0.1658,35.24,305,700843,638,Yes
23.78,1666.38,30.43,-13.37,88.24,1469.91,5.14,82.79,969.0,5.094166667,0.0711,-0.1152,-0.1431,36.12,25,807037,0,Yes
27.24,2222.73,26.54,18.29,27.58,740.98,5.17,86.48,970.73,3.9775,0.1395,0.0274,-0.1604,36.24,21,3301427,2189,Yes
3.05,1014.11,16.1,-34.94,110.39,3907.18,3.35,14.59,1058.0,5.225833333,0.2784,-0.1881,-0.2159,29.59,564,4290589,11161,No
13.03,836.49,8.51,-31.22,126.84,2090.5,2.13,46.83,946.07,4.505833333,0.212,0.0604,-0.2971,40.3,212,4261566,2904,No
20.32,1801.95,20.84,38.93,79.49,848.94,6.77,52.76,987.68,4.7975,0.0762,-0.0358,-0.1306,15.81,234,2543243,130,Yes
18.42,2148.25,31.72,17.38,1.37,7.66,6.26,86.63,1039.08,4.505833333,0.2805,-0.4862,-0.2849,6.53,3058,739448,0,Yes
10.19,324.65,2.08,-37.28,172.0,3441.3,1.04,39.86,947.97,3.489166667,0.0768,0.1096,-0.1095,29.32,747,1951014,5217,No
23.44,1695.97,28.66,-28.24,33.93,81.58,4.67,80.27,970.78,4.16,0.3071,-0.0931,-0.3077,30.07,335,618931,3642,Yes
4.4,796.91,0.84,-39.72,173.3,2383.24,2.31,9.79,944.46,5.2075,0.3359,-0.1219,-0.3152,28.55,924,3397448,17626,No
12.36,1325.6,11.65,46.96,132.14,2215.67,2.04,28.33,1059.79,5.2075,0.0345,-0.1303,0.0023,30.52,9,1042137,2277,No
13.31,825.42,8.47,44.38,121.66,3179.41,1.43,5.83,941.67,4.9925,0.7724,-0.2117,-0.6522,34.31,116,142004,35,No
5.7,111.97,2.76,-33.8,147.69,3453.86,1.88,5.25,1054.36,5.225833333,0.1749,0.014,-0.2138,36.71,52,1000912,1228,No
20.08,2854.15,24.97,2.4,41.81,1552.25,4.57,70.86,955.97,4.173333333,0.0628,-0.0975,-0.0305,33.9,269,1136971,1668,Yes
17.3,2428.28,22.38,20.53,38.83,1698.0,6.94,55.06,973.26,4.6575,0.083,0.0835,-0.1646,35.57,220,2930115,6259,Yes
0.3,17.16,9.08,48.88,167.22,3932.82,3.23,22.18,945.33,4.815833333,0.2949,0.0075,-0.3619,24.22,305,1012065,0,No
2.59,1435.5,13.26,49.32,129.57,2983.03,1.97,12.4,1052.94,4.964166667,0.1826,-0.0363,-0.2161,33.59,311,5167600,3927,No
1.94,574.21,4.16,-34.87,95.62,3932.21,2.47,21.78,945.96,4.679166667,0.6264,-0.2416,-0.5477,30.01,20,146850,750,No
15.33,2404.37,23.5,14.77,23.67,667.1,4.87,94.67,973.29,4.255,0.8852,-0.3455,-0.7204,29.62,20,99214,3603,Yes
27.56,1656.48,25.32,3.22,16.43,1173.04,7.68,53.23,1006.34,4.964166667,0.1632,0.056,-0.2006,28.78,119,807037,0,Yes
27.87,2238.96,21.34,31.69,53.08,513.92,4.43,83.81,954.93,4.935,0.4382,0.0302,-0.4496,29.56,383,1734495,3555,Yes
12.24,571.26,10.12,-36.46,118.7,3328.67,3.27,31.5,1059.69,,0.0621,0.1322,-0.1133,36.81,228,1698730,3479,No
19.87,1658.33,36.55,-5.37,0.04,274.69,7.41,86.24,1005.31,3.9775,0.1872,0.0269,-0.1836,28.17,0,644758,4076,Yes
4.6,527.11,17.52,45.03,104.78,3755.85,2.35,0.49,1058.91,4.7975,0.0103,0.1036,-0.0473,37.17,512,4174064,15152,No
5.52,1301.99,13.04,-31.11,159.3,2098.44,2.13,21.53,948.49,5.04,0.1149,0.0836,-0.1878,35.21,9,258840,2448,No
2.93,1215.55,11.1,-33.61,169.03,3555.86,1.29,17.47,941.3,4.730833333,0.3376,-0.0593,-0.3815,34.42,924,1119627,2414,No
19.19,2707.09,32.12,-3.55,89.63,738.45,7.82,72.63,1034.74,,0.103,0.0504,-0.0967,26.22,34,1080858,0,Yes
12.25,260.09,16.79,49.4,129.03,3195.93,0.15,20.6,1054.44,3.489166667,0.1363,0.087,-0.2245,33.04,588,1156597,4655,No
29.8,2384.83,22.87,27.48,52.62,1274.34,5.88,54.81,1026.51,4.6575,-0.0106,-0.1781,0.0638,24.17,13,3466382,3689,Yes
12.36,671.78,1.0,-39.72,176.04,2956.77,0.46,17.25,947.75,4.964166667,0.7131,-0.1991,-0.6351,28.62,383,1655169,3625,No
25.31,2795.07,29.32,-23.2,19.62,170.91,4.54,53.36,977.1,4.505833333,0.6494,-0.2005,-0.5953,20.9,337,1544338,7822,Yes
24.46,2099.32,32.19,-27.23,64.6,1945.97,6.29,85.13,964.0,4.6025,-0.111,-0.1444,0.1592,26.49,512,609990,0,Yes
26.58,2385.72,31.91,5.25,16.94,910.75,6.74,62.1,1006.96,4.6025,0.0603,0.0963,-0.1691,31.24,215,3077233,6693,Yes
13.88,719.71,15.36,46.75,113.94,2547.11,2.37,23.64,1051.8,5.225833333,0.289,0.0423,-0.3622,24.55,277,3701282,10107,No
9.55,626.22,16.74,-37.34,107.02,2080.24,3.15,10.4,1055.65,4.16,0.0143,-0.0004,-0.0061,17.11,220,2959918,3881,No
21.63,1566.36,28.23,-20.98,80.94,1599.19,5.09,89.48,973.23,5.2525,0.4451,-0.0558,-0.4687,32.75,349,2454196,7157,Yes
6.62,1153.73,13.69,49.81,145.32,2157.22,2.29,39.58,942.91,4.173333333,0.1874,-0.0514,-0.2068,15.01,243,2809934,4482,No
23.7,1814.48,22.31,12.82,36.27,1251.73,6.0,85.91,1029.08,4.6575,0.102,-0.0051,-0.1631,26.89,6,1726050,10066,Yes
13.34,1079.87,0.1,45.26,108.18,3211.01,1.12,34.52,1053.97,5.3225,0.3348,-0.2444,-0.246,24.5,133,3951862,2641,No
0.94,787.91,2.27,44.54,115.99,3135.01,2.97,40.05,1051.21,4.815833333,0.0764,0.2471,-0.1267,31.18,115,117894,2557,No
4.33,149.78,13.95,-36.31,175.98,3798.04,3.45,26.13,1053.83,,0.1714,0.0103,-0.1812,31.98,242,200222,157,No
1.39,1389.4,15.7,-35.43,175.63,2878.42,0.7,29.47,946.13,,0.1695,0.026,-0.2199,29.58,14,3872846,6227,No
27.51,2931.58,37.28,-11.22,75.77,1084.43,5.27,72.63,1002.73,5.146666667,0.465,-0.0538,-0.4749,32.7,643,283583,954,Yes
5.99,500.58,3.89,44.31,171.41,2846.77,0.07,25.55,1056.49,4.6025,0.2646,0.0626,-0.349,17.76,184,3936966,7742,No
28.21,2441.83,22.43,4.01,11.56,1474.39,7.61,57.67,980.0,5.2525,0.1215,0.1395,-0.1826,30.03,588,1576869,7920,Yes
1.28,464.72,9.54,-38.01,118.68,2595.1,1.82,18.21,1052.54,5.421666667,0.2669,-0.0174,-0.2508,30.15,618,476835,1674,No
1.78,61.71,3.84,41.63,170.85,3448.48,1.19,39.72,1053.24,,0.4706,0.0046,-0.4802,25.82,245,0,0,No
10.71,1490.99,12.02,-33.88,95.59,2589.1,2.59,25.57,942.63,4.4525,0.1361,0.0082,-0.208,32.84,47,422168,514,No
3.73,672.27,4.53,-36.12,154.78,2131.71,2.52,25.78,947.25,4.765833333,0.2963,0.005,-0.3114,30.17,12,3596674,6882,No
12.64,1152.7,17.35,41.79,162.55,3127.96,2.55,17.57,947.4,5.2525,0.0806,-0.0499,-0.1773,39.65,25,1012065,0,No
0.75,138.99,1.34,42.53,140.75,2414.28,1.63,15.49,1059.02,4.6025,0.6194,-0.2181,-0.567,28.86,584,1150567,2063,No
24.39,1925.71,29.45,21.38,81.88,1354.5,6.27,54.91,1046.79,5.225833333,0.0938,0.0566,-0.1167,22.58,115,1571022,0,Yes
24.66,2448.39,29.02,-11.54,53.12,985.31,7.87,52.83,1026.75,4.505833333,0.2276,0.0254,-0.2609,35.4,211,1292042,4950,Yes
25.4,2016.58,28.84,-22.77,80.6,1521.47,6.81,81.29,965.73,5.245833333,0.0557,0.2433,-0.0547,30.13,9,577758,0,Yes
4.98,1022.42,14.98,-36.08,124.06,2016.65,1.48,37.97,1051.23,4.255,0.2407,0.0809,-0.2956,29.65,618,686133,3237,No
3.19,494.24,19.28,45.04,95.16,3839.5,1.9,29.09,1052.92,5.2075,0.3208,-0.1149,-0.3409,22.59,318,196596,2536,No
23.73,2245.8,27.18,5.39,80.73,850.48,4.57,96.87,951.44,5.225833333,0.2399,0.0024,-0.2199,37.0,32,3405559,4609,Yes
20.89,2715.66,23.12,9.22,1.8,1824.09,5.58,94.59,1004.22,5.2075,0.0449,0.1412,-0.19,40.44,553,954605,4251,Yes
9.25,184.12,6.75,-39.73,124.51,3239.01,2.84,21.71,948.84,5.225833333,0.1981,0.0735,-0.2176,31.1,34,148226,4662,No
25.17,1579.8,21.61,27.83,51.24,275.07,6.42,84.28,1009.0,4.485,0.227,0.0005,-0.2953,39.78,318,2496970,4405,Yes
11.44,409.44,10.16,44.95,155.47,2095.81,3.36,10.74,1051.7,4.765833333,0.122,0.1726,-0.1942,28.9,399,599578,3774,No
9.11,604.03,7.71,-32.59,95.99,3193.77,0.42,2.08,1059.37,4.505833333,0.4593,-0.1207,-0.4141,25.36,27,738804,1093,No
5.91,263.09,5.15,42.39,139.36,2386.7,1.14,2.23,948.62,,0.4559,-0.0223,-0.5013,22.7,277,726978,4291,No
28.12,1788.35,39.6,13.19,59.25,214.54,5.2,67.98,1033.09,5.094166667,0.069,0.0601,-0.1134,37.14,220,2464875,6188,Yes
9.7,140.39,8.93,42.94,166.96,2168.61,3.2,24.08,1055.82,5.3225,0.1611,0.1155,-0.223,40.75,474,2298323,3551,No
2.11,738.41,11.52,-32.13,156.26,2434.95,2.24,17.53,942.49,4.679166667,0.0482,0.0397,-0.0575,34.07,15,1725739,2993,No
22.77,1804.52,34.49,12.89,55.48,1963.45,5.77,57.63,993.22,4.815833333,0.083,0.0835,-0.1646,35.57,220,1016520,7135,Yes
17.3,2192.43,31.5,34.08,30.55,1063.56,5.28,60.78,1027.17,4.16,0.1465,-0.0122,-0.1561,33.66,52,4112920,3554,Yes
29.08,2238.34,39.64,-13.94,0.09,826.63,4.56,60.25,1017.34,5.295833333,0.087,0.1429,-0.1825,38.98,180,1292042,4950,Yes
22.31,1628.85,34.5,-2.68,66.02,275.39,6.37,53.29,1042.68,4.7975,-0.0292,-0.4856,0.0555,25.69,13,3487731,5237,Yes
15.07,1639.15,30.23,-12.3,32.12,329.27,5.61,95.48,1023.96,4.815833333,0.1819,-0.0821,-0.1735,22.7,243,3596674,6882,Yes
9.97,1366.55,18.53,-32.18,146.17,3789.29,0.82,25.12,1053.6,5.295833333,0.3533,-0.0199,-0.375,38.39,554,1455069,4861,No
12.14,586.5,11.31,-35.19,174.0,2615.45,0.02,19.75,945.39,5.04,0.0269,-0.1055,-0.0116,21.99,512,1578213,1015,No
0.18,868.0,16.7,48.24,177.4,3500.16,3.07,19.39,1059.67,4.255,0.0566,-0.1041,-0.0089,29.75,125,2728407,2395,No
3.09,247.03,2.32,44.79,137.7,3787.53,0.1,39.9,1058.52,4.255,0.2864,0.1721,-0.311,34.18,10,1322784,4093,No
13.55,415.95,7.52,-38.15,174.89,3152.58,1.33,38.75,947.43,5.249166667,0.3017,-0.0156,-0.2795,21.82,41,5099371,3968,No
17.4,2802.93,34.28,19.77,52.66,1040.34,7.22,60.85,1035.33,3.489166667,0.4837,-0.1709,-0.3988,32.52,277,1367765,1419,Yes
3.69,29.57,8.15,41.54,106.56,3568.27,2.37,27.94,944.82,4.935,0.5619,-0.081,-0.5363,29.42,147,2440073,0,No
5.3,82.55,1.78,44.76,104.68,3552.08,0.97,4.76,943.82,3.489166667,0.1473,0.0784,-0.1772,30.54,132,441162,3098,No
19.32,2069.85,21.83,-10.95,72.39,526.28,6.94,68.35,1006.96,5.421666667,0.2748,0.017,-0.283,24.75,245,105597,3736,Yes
29.25,1686.86,32.6,-11.37,34.74,1516.28,4.65,50.95,968.75,5.245833333,0.1406,-0.0969,-0.153,30.29,318,2823768,3973,Yes
13.2,301.15,12.91,-38.83,121.63,3405.41,0.33,23.23,1059.02,4.935,0.0812,-0.0727,-0.0559,29.03,315,1756268,10423,No
7.86,867.46,5.06,-35.5,149.8,2677.5,2.72,39.39,940.84,4.9925,0.0311,0.1714,-0.091,35.01,134,2877653,2355,No
8.77,650.78,13.54,44.56,111.14,3250.98,1.31,46.66,943.21,4.173333333,0.0849,0.0341,-0.1126,32.87,234,849651,5207,No
12.31,324.39,16.54,-33.76,128.72,3257.37,3.45,44.39,948.29,4.505833333,0.1471,0.1025,-0.1834,27.2,399,577817,4325,No
11.16,510.37,16.38,45.78,111.71,2942.64,0.72,4.65,1054.68,5.146666667,0.1271,0.1021,-0.1495,31.14,84,1331597,8466,No
27.88,2375.34,25.06,32.86,50.78,755.11,5.92,93.19,988.91,3.9775,0.161,0.0966,-0.2507,35.19,9,117894,2557,Yes
28.11,2203.49,34.02,-21.39,40.87,1711.03,4.43,80.79,1009.15,4.5775,0.5022,-0.0642,-0.5521,30.56,181,887142,3296,Yes
6.98,910.12,16.94,-38.9,160.35,2949.08,1.49,15.46,942.99,4.173333333,0.3262,-0.0583,-0.3484,31.07,318,166343,1628,No
3.86,920.41,4.94,45.23,145.48,3115.1,0.47,9.36,1058.96,5.094166667,0.2905,0.0351,-0.3473,33.69,8,4092845,5986,No
27.57,2432.18,30.64,-12.16,41.26,819.38,6.75,80.99,1023.13,4.964166667,0.066,-0.0473,-0.1236,18.82,234,922088,1899,Yes
19.08,2792.48,38.12,28.21,83.51,745.63,7.31,94.44,989.4,4.505833333,0.0616,0.0534,-0.1336,38.14,234,1099560,0,Yes
12.23,942.28,4.34,-38.6,175.55,3558.67,0.24,0.02,941.28,4.6575,0.3836,-0.0384,-0.3394,32.85,245,928500,1585,No
14.03,450.04,12.89,47.01,128.42,3916.81,2.54,27.62,1059.3,4.730833333,0.1768,0.0461,-0.1803,32.04,230,391605,8030,No
1.43,668.84,2.77,46.09,153.23,2282.95,2.69,15.86,941.67,,0.102,0.0811,-0.1747,37.27,309,4229917,11765,No
8.9,1227.0,3.97,41.51,120.0,3911.11,0.15,32.08,940.84,4.6575,0.0733,0.0018,-0.1411,34.95,6,3108367,4558,No
21.88,1612.73,24.38,5.03,81.94,167.39,6.63,50.65,991.2,4.730833333,0.174,-0.0149,-0.1486,35.24,190,2029074,5305,Yes
14.13,1171.68,12.63,42.3,169.45,3713.82,2.87,18.87,1057.46,5.421666667,0.4352,-0.0059,-0.4445,27.41,445,166343,1628,No
17.67,1771.01,37.11,2.27,85.52,1092.31,6.06,73.71,1000.42,4.815833333,0.1285,-0.081,-0.0872,27.78,318,242285,1984,Yes
14.11,993.85,2.92,-33.75,107.19,3440.43,0.39,16.37,1052.5,4.730833333,0.2819,-0.0273,-0.3236,35.17,335,1385881,5427,No
18.88,2728.23,20.11,9.31,79.13,1861.9,6.57,50.96,1018.45,4.5775,0.1668,-0.7639,-0.1586,-9.28,3058,2496970,4405,Yes
12.81,900.57,15.95,45.91,125.56,2517.2,1.38,20.24,1052.31,4.6025,0.092,0.0919,-0.1525,35.25,115,4081148,19130,No
16.39,2791.03,30.05,-22.64,65.8,319.71,7.23,94.04,958.35,5.225833333,0.0762,-0.0358,-0.1306,15.81,234,1080858,0,Yes
25.85,1515.29,38.7,36.01,57.68,647.69,7.2,56.64,951.82,4.730833333,0.1092,-0.2524,-0.0715,25.41,943,9429408,15643,Yes
7.87,1406.4,9.4,-32.94,162.61,3489.97,3.2,45.0,1058.5,4.964166667,0.0467,0.2303,-0.0626,31.36,9,4496694,185,No
9.88,215.67,3.44,48.45,92.23,2279.97,0.82,42.43,941.63,5.04,0.1893,-0.0317,-0.1662,34.04,349,579505,2114,No
24.47,1902.58,21.73,8.68,66.21,1279.84,7.43,55.21,1027.51,5.2525,0.1018,0.16,-0.1558,33.41,228,318898,904,Yes
2.01,959.66,19.06,41.95,148.71,2198.04,1.1,33.87,943.96,4.5775,0.6543,-0.2343,-0.6003,34.73,14,1828730,10640,No
4.68,926.42,17.63,48.01,160.59,3347.92,1.24,5.35,1056.21,4.6575,0.4297,0.0267,-0.4345,25.23,315,5838465,3202,No
24.7,2597.15,28.33,-29.23,56.59,1905.69,5.54,83.78,961.48,4.730833333,0.1317,0.2675,-0.208,36.81,0,1025213,5360,Yes
23.83,2109.28,36.6,-6.22,50.65,865.99,6.45,69.22,956.22,3.9775,0.1223,0.088,-0.1856,34.1,318,1949258,2176,Yes
3.59,1255.43,19.01,-37.74,166.72,3357.21,2.1,35.26,948.9,4.16,0.0069,-0.0176,0.0317,37.18,242,533638,8298,No
12.44,422.68,6.63,-33.29,164.49,3720.56,1.31,15.2,948.08,4.6575,0.2308,0.0076,-0.254,33.2,208,2722290,4509,No
4.61,680.87,10.38,-34.46,122.24,2899.21,2.46,8.65,1051.76,4.765833333,0.2146,-0.0365,-0.229,36.09,305,142004,35,No
25.84,2233.11,36.25,4.93,34.3,1195.74,5.37,69.53,1020.96,5.3225,0.0656,0.2774,-0.0692,32.18,9,78690,4134,Yes
23.85,2550.05,29.94,13.76,22.68,1869.37,5.62,65.33,991.43,4.730833333,0.1708,0.0491,-0.1045,35.21,12,991730,3216,Yes
14.08,1474.29,15.17,46.66,156.52,2232.24,0.12,48.61,945.54,4.6575,0.2157,0.0216,-0.2584,32.43,34,964655,1530,No
3.92,1271.04,4.03,41.35,143.88,3501.76,0.92,6.79,1057.31,4.899166667,0.2942,-0.0082,-0.2724,29.29,417,274143,4570,No
12.67,492.42,18.8,46.14,143.34,2082.62,1.41,3.1,941.47,3.489166667,0.1231,0.0536,-0.1822,34.02,251,259898,2241,No
10.74,1291.9,16.14,-31.93,108.09,3713.41,0.82,31.4,948.69,4.16,0.2257,0.0186,-0.2441,30.11,564,2684487,2040,No
7.16,97.12,13.16,47.12,111.13,2074.41,2.84,46.0,941.55,5.146666667,0.0811,0.1813,-0.1674,30.59,553,4801062,3172,No
0.15,1312.74,15.32,-37.72,97.02,2673.89,0.23,29.11,1051.3,5.2525,0.5284,-0.1122,-0.5122,32.95,584,330086,8016,No
12.84,529.61,4.17,-36.93,168.26,2670.96,3.24,29.09,1053.35,5.249166667,0.2691,-0.0011,-0.304,31.0,8,2365106,6314,No
26.66,1925.9,29.58,13.79,50.74,1153.24,4.72,90.68,958.14,3.9775,0.1867,-0.0579,-0.1615,28.97,32,140757,1255,Yes
13.41,1384.23,6.35,-36.35,171.3,2606.84,1.74,9.59,948.26,5.2075,0.0826,0.096,-0.1174,31.83,180,554985,2637,No
9.51,989.5,16.26,-31.94,160.69,3837.61,1.83,31.9,1054.85,5.225833333,0.3017,-0.0156,-0.2795,21.82,41,2228935,7502,No
22.91,2799.06,25.9,-19.35,45.23,1702.46,4.07,75.9,963.87,4.5775,0.1238,0.0487,-0.1953,32.0,132,3037766,2569,Yes
15.58,2700.79,30.6,26.68,11.27,507.7,5.77,72.87,955.65,4.730833333,0.2399,-0.0165,-0.2731,36.67,190,1074304,2317,Yes
18.63,1838.17,23.65,-17.62,64.98,84.45,4.02,81.51,962.5,5.249166667,0.1533,0.0599,-0.2112,34.07,251,136435,1166,Yes
28.85,1889.71,27.39,-1.62,30.47,256.11,7.9,74.83,1039.54,5.225833333,0.1299,0.1007,-0.2,27.61,588,1776421,6814,Yes
8.66,1054.7,5.4,-36.22,101.33,2519.77,0.99,2.81,1051.87,4.679166667,0.3804,-0.0431,-0.3833,35.3,27,283713,1329,No
19.62,1895.98,23.14,23.16,60.09,547.61,4.76,89.38,980.15,4.485,0.3537,-0.0067,-0.3547,38.79,305,2959918,3881,Yes
4.22,1135.74,16.86,43.05,146.93,2910.47,2.94,9.14,1059.59,5.249166667,0.347,-0.1905,-0.2604,30.59,227,1949258,2176,No
0.02,289.49,14.34,-36.08,154.2,2762.68,1.62,0.98,944.43,4.255,0.0949,0.1055,-0.1584,36.57,512,1599596,1779,No
22.37,2527.38,28.52,14.02,82.51,1664.95,5.95,83.6,1041.56,5.2075,0.1988,0.0847,-0.3135,38.61,184,2743082,8831,Yes
12.82,1270.83,11.21,-33.53,127.83,2539.29,2.9,10.62,1058.63,3.489166667,-0.0173,-0.105,0.0491,28.91,15,1108974,4356,No
21.51,1615.12,37.86,-1.9,49.58,1956.83,5.0,69.23,1041.1,5.146666667,0.0843,0.2058,-0.0864,33.93,9,3077233,6693,Yes
22.58,1568.56,34.51,12.85,5.69,1235.17,7.86,74.73,999.52,4.5775,0.0676,0.0066,-0.1405,36.63,234,112274,8325,Yes
25.27,2552.25,32.64,10.42,23.7,373.04,6.58,61.69,1048.95,,0.5143,-0.1061,-0.4631,28.07,147,1952756,2541,Yes
6.15,443.63,13.72,48.31,101.14,2080.68,0.73,5.9,940.44,5.04,0.3286,0.0695,-0.3882,33.57,32,312520,2940,No
28.41,2655.93,39.3,37.77,14.81,1517.96,7.27,93.93,977.32,4.9925,0.7565,-0.2946,-0.6776,22.11,20,686133,3237,Yes
15.91,2046.72,20.04,18.56,15.08,1659.5,5.42,55.02,1049.59,5.094166667,-0.0175,0.0451,0.0536,29.95,41,709418,0,Yes
23.67,1886.72,38.59,-27.44,26.77,1650.2,6.87,77.35,1009.36,4.730833333,0.0463,0.0683,-0.0473,21.02,57,9356962,446,Yes
21.93,1934.7,24.54,-28.25,40.13,979.81,7.35,62.65,989.81,,0.2005,0.0285,-0.2332,22.95,190,999777,3950,Yes
13.02,729.3,16.14,-33.73,148.84,2820.13,1.88,12.86,943.95,5.094166667,0.353,-0.0455,-0.3356,33.48,38,1774480,2431,No
23.94,2087.32,29.08,-24.2,42.45,73.33,4.83,54.24,1045.9,4.4525,0.069,0.0601,-0.1134,37.14,220,50484,562,Yes
24.98,2215.02,26.08,-15.87,64.4,881.78,6.85,61.99,956.36,4.5775,0.4979,-0.0614,-0.4791,28.81,943,2880365,10034,Yes
1.74,304.35,3.25,44.74,134.59,3186.41,3.26,38.01,948.08,4.173333333,0.1612,0.0576,-0.1858,34.83,208,5838465,3202,No
3.1,1132.51,16.15,-33.98,118.09,3966.27,1.14,40.76,946.96,5.094166667,0.1644,0.006,-0.2143,36.82,311,3804558,11198,No
10.58,577.77,11.48,44.32,178.42,3279.52,1.87,33.29,946.34,5.094166667,-0.0093,-0.159,0.0678,29.54,5,3239774,2981,No
22.42,2153.53,30.72,-20.55,67.77,40.58,5.8,85.05,1035.14,4.255,0.405,-0.1029,-0.3605,31.69,643,194622,1615,Yes
3.58,162.28,14.94,-35.16,102.51,3032.4,2.32,27.11,945.84,4.6025,0.1129,0.1215,-0.1826,34.26,180,954605,4251,No
13.89,1121.56,15.29,41.96,140.84,2910.16,2.79,9.63,1058.7,4.815833333,0.3917,-0.1443,-0.3945,29.92,924,2127086,3642,No
1.58,561.51,13.76,-31.62,120.79,2868.77,2.06,23.39,943.58,4.6025,0.1514,-0.0223,-0.1581,30.09,12,950289,294,No
4.61,31.72,13.43,47.49,113.07,2258.58,2.09,21.29,947.14,4.7975,0.0937,0.0382,-0.1525,35.72,234,237399,496,No
7.24,981.96,11.32,42.37,143.63,2939.75,2.14,42.35,940.95,4.765833333,0.799,-0.2519,-0.6821,31.27,133,2363937,30239,No
12.06,14.02,19.04,49.91,148.59,3934.44,1.65,45.97,942.46,4.815833333,0.1644,0.006,-0.2143,36.82,311,266215,312,No
12.62,374.9,12.13,-39.51,137.21,2346.39,0.3,38.59,944.76,3.489166667,0.7956,-0.3351,-0.622,28.68,20,2496970,4405,No
18.33,1520.25,38.16,-15.7,4.25,549.97,6.0,99.96,985.11,4.7975,0.1306,-0.0872,-0.0952,35.12,27,2127789,1415,Yes
18.02,2462.12,39.12,-26.6,57.89,745.04,4.41,98.87,1003.8,4.765833333,0.3881,-0.0467,-0.4038,35.09,349,1066063,6205,Yes
18.75,2679.06,39.97,-29.3,9.6,121.58,6.15,80.87,1035.7,4.7975,0.6194,-0.2181,-0.567,28.86,584,1506843,4497,Yes
5.63,432.05,15.02,47.51,152.87,3397.5,0.18,48.79,1051.52,5.094166667,0.5494,-0.101,-0.5327,29.24,13,1241519,6390,No
14.29,696.7,12.95,-36.37,140.01,2113.36,0.15,26.85,943.32,5.3225,0.0879,0.0948,-0.113,24.7,1595,3935042,5228,No
3.41,759.6,6.49,-34.09,93.42,2543.75,2.54,9.1,943.64,4.485,0.7853,-0.2821,-0.7776,38.34,584,4653570,9892,No
26.19,1971.91,27.05,-2.69,7.72,986.67,7.49,63.86,976.05,3.9775,0.0301,0.0899,-0.1113,33.18,215,1986864,6091,Yes
4.09,1116.33,4.03,-35.88,146.88,2715.66,1.87,41.04,941.75,4.815833333,0.3315,-0.1294,-0.2293,30.41,181,3876001,7685,No
28.46,2677.95,39.3,-21.31,66.46,321.06,5.77,81.81,1038.45,4.255,0.0693,0.0068,-0.002,23.65,95,1597668,4823,Yes
18.23,1609.67,24.61,-17.46,88.77,816.66,6.34,87.05,981.42,5.2525,-0.0364,0.0287,0.0781,34.87,69,4165626,7546,Yes
7.09,1312.63,6.09,-38.19,116.99,3862.16,1.97,21.56,940.22,5.094166667,0.0336,0.0872,-0.0379,31.21,234,1089263,1507,No
3.04,1178.88,12.79,41.94,171.26,2768.1,1.04,22.39,1054.34,4.6025,0.1298,0.0436,-0.2017,32.74,14,83030,3508,No
16.67,1558.19,34.71,-6.47,32.84,337.17,6.49,78.38,953.47,5.3225,0.0055,-0.1945,0.0255,30.65,95,950075,2457,Yes
9.47,897.22,12.87,-31.92,103.84,3570.04,2.7,22.38,1055.49,5.2525,0.6228,-0.0997,-0.6073,19.34,1406,1750176,4745,No
17.55,1617.61,22.75,-15.78,19.62,1168.05,7.15,77.11,1029.52,4.815833333,0.2979,-0.2721,-0.2293,29.99,315,6107187,15530,Yes
3.81,1107.85,2.18,-36.07,154.72,2857.74,2.73,0.25,940.07,5.04,0.0541,0.013,-0.1062,31.56,5,3495021,2036,No
24.37,2322.07,30.26,-1.45,85.74,449.43,6.19,86.96,1035.42,4.730833333,0.2032,0.0369,-0.2454,30.12,69,5099371,3968,Yes
26.16,2309.26,39.83,36.71,51.86,1048.54,4.42,50.02,1031.07,4.505833333,0.6585,-0.2066,-0.6111,30.85,584,1206640,6598,Yes
19.79,1895.53,28.29,-27.97,4.94,1773.26,7.9,92.01,1039.68,5.094166667,0.0075,0.127,-0.0555,29.44,57,4517398,8727,Yes
21.0,2710.82,22.93,-19.79,40.82,571.88,4.69,81.09,978.04,4.730833333,0.0932,0.0289,-0.1087,28.43,230,64937,1421,Yes
20.51,2798.32,28.91,-4.89,38.16,453.06,5.42,96.17,981.48,4.255,0.3226,0.0517,-0.3847,31.69,181,1551019,6509,Yes
10.7,1418.81,14.0,-37.76,146.88,3242.99,2.05,11.33,1058.38,4.9925,0.0816,0.0086,-0.0957,33.91,15,258840,2448,No
27.99,2848.34,32.69,18.19,9.01,1760.09,5.93,73.4,1003.65,4.485,0.1743,0.0627,-0.1949,28.47,69,3876001,7685,Yes
15.72,2427.92,29.41,36.82,85.71,1905.62,6.78,64.71,972.22,4.4525,0.2649,-0.0491,-0.2815,35.79,564,1307375,1989,Yes
19.03,2630.06,39.06,4.83,85.31,187.89,6.34,50.7,1035.45,4.485,0.4462,0.0264,-0.4818,30.16,227,11060148,9558,Yes
16.0,2993.42,29.8,13.48,71.04,1783.94,5.1,64.36,952.32,4.6575,0.7885,-0.1702,-0.7093,14.88,890,64937,1421,Yes
12.21,416.04,9.07,-36.12,122.01,3164.67,2.06,45.45,946.87,4.964166667,0.1254,-0.0896,-0.1246,35.21,224,41816,9,No
19.34,1568.2,26.65,33.93,32.3,283.55,6.51,93.01,1015.26,4.730833333,0.3199,0.0525,-0.3685,35.93,227,1813906,5676,Yes
15.78,1679.59,39.7,-29.75,60.05,559.17,5.13,94.47,963.66,4.6575,0.1436,0.0735,-0.1981,27.64,84,2811569,2830,Yes
6.01,1100.81,13.64,43.66,176.49,2461.12,3.43,26.6,945.06,4.815833333,-0.0292,-0.4856,0.0555,25.69,13,2703114,5837,No
17.64,1903.87,30.08,16.07,56.72,424.19,5.61,77.28,982.33,4.679166667,0.0521,0.0259,-0.1098,43.42,25,2677333,7732,Yes
5.84,1149.99,7.1,44.64,177.9,3171.26,1.34,11.25,1059.37,3.489166667,0.0766,0.058,-0.1017,37.89,14,11060148,9558,No
23.23,2313.19,29.16,26.05,83.9,614.98,7.34,62.5,952.5,4.4525,0.2456,0.0598,-0.3047,22.89,208,1264277,2274,Yes
5.68,1266.72,9.18,48.0,106.04,3735.77,1.3,25.16,1058.43,5.094166667,0.0803,0.2474,-0.0889,31.66,9,0,0,No
13.59,576.9,12.41,-31.26,163.49,3998.69,0.62,14.52,1054.53,5.2075,0.0988,0.2633,-0.2597,36.85,141,255230,8530,No
26.42,2447.95,24.65,28.26,3.38,302.47,6.06,96.24,997.73,4.505833333,0.0785,0.0804,-0.1489,37.84,508,191173,72,Yes
15.1,1694.46,37.28,-24.05,79.72,347.11,4.37,69.33,1016.89,4.16,0.0007,-0.0949,-0.0447,32.75,133,3301427,2189,Yes
22.41,2963.15,39.13,14.54,24.12,1215.69,6.94,56.8,977.65,5.2075,0.0466,-0.1263,-0.0099,38.77,141,636342,689,Yes
18.32,1827.38,35.07,39.3,61.09,592.2,6.16,72.86,1015.49,5.3225,0.0603,0.0963,-0.1691,31.24,215,5095875,4713,Yes
23.9,2496.66,24.23,30.01,26.21,1866.7,6.94,66.06,1008.0,4.679166667,0.1623,0.0543,-0.2115,36.42,205,950075,2457,Yes
22.73,1710.8,20.52,-14.27,48.96,680.95,4.31,92.22,1006.77,5.3225,0.0653,0.1991,-0.1553,35.6,141,4229917,11765,Yes
28.66,2228.62,39.37,-23.71,21.43,1708.9,7.23,96.3,962.77,4.485,0.4051,-0.1047,-0.386,31.47,554,2464875,6188,Yes
26.08,2953.27,39.79,3.46,13.06,1701.79,6.16,64.75,990.13,4.964166667,-0.0154,-0.2289,0.0498,26.24,618,1512681,6195,Yes
27.83,2077.03,35.48,23.69,74.7,75.23,7.48,82.31,961.46,4.815833333,0.0518,0.0273,-0.0667,33.01,285,748941,7161,Yes
6.74,998.61,4.98,-33.69,178.57,3741.11,2.28,18.8,1057.55,5.225833333,0.0397,0.108,-0.0528,31.02,747,560440,1086,No
17.77,2831.63,23.19,1.67,88.84,951.74,5.93,77.58,1031.31,4.815833333,0.1223,0.088,-0.1856,34.1,318,274143,4570,Yes
5.5,507.03,16.33,42.95,145.01,3135.5,1.03,22.74,1054.3,4.815833333,0.4006,-0.0713,-0.3892,29.13,27,900422,1811,No
9.59,258.4,19.26,45.61,130.03,2526.76,1.84,7.37,942.94,5.2525,0.0439,-0.0343,-0.0969,14.01,224,0,0,No
25.48,2077.14,39.26,-21.67,57.84,676.63,6.41,85.25,1032.03,4.765833333,0.2692,-0.0049,-0.2764,29.33,305,616435,2502,Yes
19.81,2679.92,39.44,3.96,50.87,1268.24,7.58,87.37,972.1,4.6025,0.3669,-0.0163,-0.3692,35.42,41,2299885,3953,Yes
20.45,1591.99,36.14,0.8,36.39,637.65,7.76,50.78,972.65,4.7975,0.09,0.1644,-0.1473,24.16,115,140802,14036,Yes
3.82,1429.42,1.92,44.88,167.54,3475.84,0.8,4.92,1059.49,4.505833333,0.0316,0.087,-0.0782,36.17,399,3007134,3140,No
20.57,2397.22,25.36,-7.93,47.29,581.5,5.45,70.13,985.23,4.6575,0.089,0.1384,-0.1183,27.4,57,2127789,1415,Yes
22.29,2100.17,32.34,3.33,43.4,1131.21,5.52,74.0,988.86,4.815833333,0.1554,0.0732,-0.1808,15.64,445,140757,1255,Yes
28.89,1590.41,35.35,33.11,74.01,1660.86,7.0,79.35,1041.73,4.815833333,0.2257,0.0249,-0.2978,42.11,564,733110,8021,Yes
15.08,2314.37,33.08,2.94,48.44,786.07,7.0,81.25,989.6,,0.1893,0.0974,-0.2524,39.43,10,2205968,1713,Yes
19.98,1651.21,33.57,22.34,18.65,1626.54,6.15,51.55,1005.93,4.6575,0.135,-0.0138,-0.1227,38.87,34,1889752,6552,Yes
21.46,2575.9,36.77,-20.36,48.85,1530.76,5.31,69.55,1007.47,4.964166667,0.1678,0.061,-0.231,21.22,251,1042886,3718,Yes
13.17,561.0,16.84,-35.88,126.77,2222.55,2.34,22.08,946.81,4.5775,0.6038,-0.1695,-0.6027,26.83,335,1042886,3718,No
14.03,620.75,11.77,-39.94,155.04,2917.84,1.12,43.62,1055.28,5.245833333,0.244,-0.1443,-0.1853,27.51,337,2523003,2961,No
13.57,591.77,18.67,43.78,169.65,3130.22,2.97,39.25,947.42,5.04,0.2724,0.0499,-0.3672,35.4,943,1178273,5675,No
14.45,905.15,16.72,-38.17,156.79,2836.7,1.06,9.98,940.04,4.815833333,0.8651,-0.215,-0.7908,19.07,890,807037,0,No
5.97,326.98,7.68,-38.68,171.33,3358.69,2.34,10.93,1057.11,4.6575,0.0512,-0.094,-0.0313,35.57,417,2127086,3642,No
18.8,2005.08,23.1,19.91,13.41,970.06,6.74,92.18,1045.59,4.6025,0.7502,-0.1543,-0.653,29.62,133,1618345,4644,Yes
12.3,514.96,2.57,49.53,134.01,3689.09,3.46,21.95,1059.35,4.173333333,0.3977,-0.0796,-0.3966,33.37,8,330086,8016,No
25.02,1664.41,28.32,22.51,17.76,1394.7,4.45,85.45,964.83,4.505833333,0.0685,0.123,-0.1741,36.43,285,659296,1327,Yes
4.76,1309.57,17.69,-35.72,156.79,2025.09,0.59,29.74,942.47,4.9925,0.3744,-0.0746,-0.363,34.22,243,3499171,4512,No
11.51,126.6,17.46,-31.59,113.95,3267.4,0.35,0.32,943.71,4.6575,0.6764,-0.161,-0.6091,28.3,890,1801733,8303,No
25.26,2555.09,22.76,38.18,17.39,403.79,7.79,65.22,1029.19,4.730833333,0.4609,-0.0783,-0.4601,38.33,305,1952756,2541,Yes
9.33,165.81,14.0,47.33,164.15,2002.64,1.41,41.57,941.71,4.255,0.1637,0.1474,-0.2282,33.35,125,887142,3296,No
12.51,578.7,13.67,-34.25,138.7,3902.11,2.99,0.42,1052.51,5.249166667,0.0795,0.129,-0.1465,39.3,269,709418,0,No
27.1,1729.89,25.18,29.75,22.0,832.68,5.68,61.67,979.72,5.249166667,0.0337,0.0487,-0.0693,19.89,280,2877653,2355,Yes
15.42,2300.07,20.04,-20.08,17.3,1218.07,6.33,51.07,1020.32,5.146666667,0.0974,0.0743,-0.1745,32.92,285,2320529,3806,Yes
1.23,1401.38,14.07,-36.96,122.23,2566.29,1.46,10.32,1056.01,5.04,0.3376,-0.0563,-0.3944,20.55,277,875958,3144,No
8.65,1026.09,11.25,48.05,167.38,3227.84,3.5,6.08,1055.42,4.6575,0.128,-0.0049,-0.2013,38.56,141,3120506,10743,No
1.41,421.96,2.64,46.03,112.82,2390.35,1.23,28.43,1058.47,4.935,0.3483,-0.0376,-0.3841,34.74,554,748941,7161,No
4.64,987.84,6.87,47.14,161.8,3714.04,0.55,33.81,1057.16,4.4525,0.116,0.0631,-0.194,29.59,309,3239774,2981,No
10.3,176.93,7.29,44.02,111.82,2640.74,1.52,25.42,946.68,4.16,0.0787,0.0522,-0.0975,21.81,12,1458875,7371,No
27.56,1843.19,27.51,30.27,15.09,818.81,5.73,81.4,961.72,5.2525,0.2952,-0.661,-0.2472,3.37,3058,2811569,2830,Yes
14.14,276.53,10.97,42.0,111.84,3495.34,3.36,41.4,940.09,4.4525,0.2879,0.1646,-0.3766,27.95,1406,1756268,10423,No
21.22,1716.25,27.95,-17.35,69.17,28.73,5.77,56.94,1003.31,5.249166667,0.108,0.0667,-0.1829,36.41,132,1701698,9229,Yes
2.17,243.45,19.38,-33.91,94.15,2072.9,2.39,36.43,1057.34,5.225833333,0.0728,0.0969,-0.1415,31.11,612,3937385,2279,No
13.09,129.41,17.03,47.36,129.75,3467.54,2.7,34.24,948.35,4.4525,0.1992,0.0022,-0.2288,32.61,12,1074304,2317,No
7.8,1312.61,13.26,48.41,131.87,3576.67,1.41,48.47,1059.67,5.3225,0.3376,-0.0268,-0.3596,27.49,74,1264219,7306,No
29.4,2310.15,34.98,-12.22,83.08,1544.35,6.44,63.77,1037.4,4.6575,0.0644,0.0271,-0.1277,29.53,234,887978,61,Yes
26.66,2139.79,27.92,-12.52,69.53,1057.53,7.06,59.34,978.93,5.094166667,0.2601,0.0169,-0.3263,39.31,38,1329672,2246,Yes
3.82,774.34,14.37,-32.99,114.02,2779.41,0.99,45.83,1059.67,5.094166667,-0.0461,-0.4941,0.0704,30.25,74,2092745,3204,No
14.49,989.0,3.73,42.4,122.24,3702.55,2.31,35.23,1058.76,3.489166667,-0.0462,0.0902,0.0154,30.73,119,1868529,2760,No
19.69,2181.53,36.87,25.25,87.42,623.0,6.16,67.66,1048.0,4.899166667,0.0728,0.0969,-0.1415,31.11,612,2241624,62,Yes
25.81,2069.21,36.97,-8.02,43.03,1780.74,4.1,58.15,976.85,5.04,0.1416,-0.098,-0.0964,18.92,3058,1025048,3600,Yes
20.19,2592.94,39.36,3.21,60.1,1343.91,5.01,93.97,1034.28,5.2525,0.0106,0.1681,-0.0674,22.13,180,1334152,2702,Yes
16.19,2796.2,23.18,-27.44,47.9,603.48,6.25,67.29,986.58,5.245833333,0.0992,0.0782,-0.2058,34.36,280,242285,1984,Yes
15.68,2717.11,20.55,35.43,22.32,1439.41,4.08,68.9,993.39,4.4525,0.086,-0.0979,-0.1532,37.66,25,5954391,5482,Yes
22.69,2699.11,25.67,34.33,55.34,813.13,6.65,80.92,954.17,4.6025,0.045,0.1048,-0.0965,29.86,747,142004,35,Yes
23.9,1945.29,38.86,-16.01,63.87,1109.62,5.75,73.88,972.38,5.421666667,0.0624,0.115,-0.0881,23.98,57,6107187,15530,Yes
2.73,1151.97,0.28,-31.34,125.46,2360.89,1.39,15.25,1052.91,5.245833333,0.363,0.0246,-0.3786,35.51,417,767428,0,No
25.94,1504.8,34.32,-10.51,31.32,4.09,7.95,96.92,985.86,4.4525,0.5802,-0.1771,-0.5793,33.65,584,1264219,7306,Yes
21.95,2383.01,26.98,-18.86,5.93,713.76,6.84,74.89,982.08,5.421666667,0.154,0.0434,-0.1456,30.67,34,577817,4325,Yes
4.75,315.5,4.41,47.97,109.68,2036.86,1.31,16.21,940.4,4.4525,0.1342,-0.0217,-0.1851,20.87,234,1693622,2282,No
18.51,2676.54,39.9,15.59,80.85,114.74,4.28,97.55,984.04,4.255,0.6778,-0.1862,-0.5603,35.29,116,1310061,7352,Yes
4.86,894.4,3.2,46.17,172.06,2681.25,0.57,22.2,1051.06,4.5775,0.3351,-0.0334,-0.3574,36.39,554,3239774,2981,No
4.09,210.16,3.5,47.84,136.95,3892.06,0.19,18.14,1051.29,5.3225,-0.0236,-0.1823,0.0431,30.81,512,1626384,3332,No
28.98,2269.31,39.28,-12.5,73.53,652.69,6.02,81.07,974.56,5.2075,0.0564,0.0953,-0.1584,37.46,285,83448,7032,Yes
6.26,1226.07,9.49,-33.07,139.98,3894.72,0.18,1.11,1057.72,4.505833333,0.1028,0.0765,-0.19,36.12,228,3466382,3689,No
20.14,1897.68,32.97,18.6,42.83,1981.85,5.25,93.21,972.9,5.2075,0.1942,0.0871,-0.2847,27.45,9,577817,4325,Yes
27.43,2679.22,35.51,27.1,66.37,939.62,5.85,93.75,953.14,4.4525,0.079,0.1263,-0.1104,30.36,134,2050862,7195,Yes
16.15,2752.61,38.1,35.44,41.57,233.86,7.41,75.89,1042.07,4.679166667,0.2593,0.1025,-0.375,37.64,315,1890422,2360,Yes
3.22,451.53,9.21,41.3,176.9,3551.12,1.05,16.75,943.62,4.7975,0.1298,0.0893,-0.1831,34.23,251,622506,3144,No
2.21,637.31,1.87,45.37,101.12,3532.36,1.68,47.13,1057.56,4.765833333,0.2037,0.2092,-0.257,35.7,0,1870374,1684,No
24.47,2020.67,29.22,18.29,7.84,1142.55,4.88,63.93,990.22,5.2525,0.0995,0.0065,-0.039,35.27,125,4143512,4008,Yes
27.22,2736.37,33.08,-5.2,56.85,1058.92,7.28,51.85,1044.66,5.245833333,0.0851,0.0791,-0.1323,29.01,612,2464875,6188,Yes
8.17,167.24,7.77,48.44,174.36,3575.31,2.25,41.89,1056.06,5.04,0.2282,-0.0651,-0.1591,34.16,95,1945497,5924,No
21.18,1817.09,37.44,23.64,46.29,823.05,7.05,75.21,963.86,4.505833333,0.0115,-0.0892,0.004,15.72,349,1339101,4233,Yes
19.85,1657.99,30.35,38.12,44.67,796.71,6.98,73.52,953.6,5.245833333,0.2952,-0.0622,-0.329,33.39,74,814010,5131,Yes
0.52,60.2,2.37,43.11,178.44,2139.12,1.88,2.06,946.08,4.255,0.5867,-0.1781,-0.4803,22.44,116,531885,2535,No
24.04,2705.84,37.7,30.45,29.05,1556.3,4.51,81.77,1018.88,4.6575,-0.0466,-0.1932,0.0876,29.62,588,1206516,3033,Yes
24.52,2517.38,25.21,-13.25,57.34,676.55,4.52,55.26,975.52,5.3225,0.5151,-0.2793,-0.4531,29.3,37,1969168,10978,Yes
13.66,1146.78,4.54,-33.28,136.92,3989.4,1.97,18.94,1051.01,5.421666667,0.2556,0.0844,-0.3692,32.41,212,1310061,7352,No
21.37,2458.36,29.29,8.65,14.65,815.95,6.24,99.95,1042.4,4.7975,0.0729,-0.0241,-0.0811,24.78,242,476835,1674,Yes
19.09,2503.52,35.29,-17.25,10.49,1666.58,7.5,52.05,968.78,4.730833333,0.6181,-0.1607,-0.6029,34.06,441,1437169,10277,Yes
5.34,862.57,18.79,-32.15,178.68,3396.96,2.12,46.29,946.29,5.421666667,0.0729,-0.0241,-0.0811,24.78,242,1760405,3098,No
22.55,2515.48,22.58,21.69,10.69,1497.45,7.62,55.93,963.63,4.505833333,0.0829,0.0469,-0.0823,35.09,280,2092371,45674,Yes
9.75,540.09,15.26,-31.06,142.54,2545.34,3.3,22.41,1059.49,4.485,0.4387,-0.1332,-0.3961,27.48,13,1693622,2282,No
20.03,2104.34,39.5,11.35,75.39,1126.63,5.98,78.91,955.66,4.815833333,0.0095,-0.3966,0.0054,19.03,3058,0,0,Yes
13.11,697.01,0.7,-34.7,92.85,3190.67,3.5,35.37,1056.98,5.2075,0.1785,-0.2035,-0.0783,29.73,41,1506337,2505,No
5.95,1375.17,7.79,-33.69,154.46,3900.22,0.58,30.11,947.13,5.094166667,0.4481,-0.1418,-0.3358,30.56,212,5838465,3202,No
2.17,999.18,17.65,46.8,105.77,3007.58,0.83,23.93,1059.54,5.04,0.0655,0.1319,-0.191,34.93,553,1041099,6624,No
11.04,823.69,9.09,46.34,152.12,3842.23,2.09,25.23,1056.52,4.16,0.0055,-0.1945,0.0255,30.65,95,2229076,2425,No
13.05,1018.65,19.0,45.76,110.15,3725.23,3.02,17.61,1053.04,4.730833333,0.1503,0.0288,-0.1555,27.26,34,1703005,4459,No
8.99,324.88,17.88,-31.06,136.03,2800.95,2.29,38.24,945.33,4.6575,0.1928,0.0155,-0.2676,30.05,311,851669,5838,No
4.7,1115.88,18.02,-35.11,99.43,3912.94,2.15,19.06,1055.48,4.730833333,0.1109,0.0692,-0.1738,35.92,132,8004,9129,No
15.84,2251.22,34.94,21.15,29.94,1422.79,4.11,93.37,1000.42,4.679166667,0.1563,0.1116,-0.3256,36.31,277,1545814,6153,Yes
6.52,1061.05,14.31,-38.75,167.84,3054.29,0.96,5.39,944.46,5.146666667,0.3421,0.0304,-0.4483,17.54,184,2877653,2355,No
25.29,1688.77,31.42,1.84,32.66,828.99,7.22,62.04,954.05,5.249166667,0.0608,-0.1345,-0.0384,36.95,134,2160119,14184,Yes
26.05,1636.42,36.7,-10.26,87.7,832.25,6.49,71.5,987.14,4.4525,0.077,0.0345,-0.1293,23.22,612,2228935,7502,Yes
29.49,2480.35,39.17,33.03,68.64,9.45,5.9,84.01,1020.17,4.6575,0.29,-0.0408,-0.3186,31.72,211,2299885,3953,Yes
13.81,1133.93,1.81,49.28,142.0,2681.92,2.78,2.56,944.75,4.255,0.1028,0.0765,-0.19,36.12,228,3423574,2294,No
2.77,1113.19,17.34,49.8,119.77,3404.61,0.92,13.75,1051.6,4.505833333,0.1352,0.1153,-0.1821,31.49,132,2299885,3953,No
19.58,2160.76,24.19,0.38,41.57,632.77,4.83,65.41,1002.7,5.04,0.1458,0.0515,-0.1689,31.65,219,1736617,3786,Yes
23.37,2794.82,36.05,-6.9,88.42,1017.64,7.74,78.27,1042.63,3.9775,0.4391,-0.0255,-0.4108,33.96,349,266215,312,Yes
5.43,563.55,13.27,48.31,120.15,2665.72,1.57,48.64,1053.94,4.7975,-0.0364,-0.0655,0.0759,19.06,228,1870374,1684,No
16.23,2610.0,36.33,14.63,18.87,109.34,5.53,78.25,1027.6,4.815833333,0.2125,0.0627,-0.2123,29.05,69,2298323,3551,Yes
16.05,2969.08,27.18,27.96,29.16,1523.44,4.65,50.17,1044.21,5.245833333,0.0755,0.1935,-0.133,30.07,508,2464464,2688,Yes
19.31,1930.6,22.2,-5.26,59.06,1731.59,4.85,76.77,1024.76,4.6575,0.0322,-0.156,0.0017,18.17,311,3681896,5168,Yes
25.0,2601.21,29.02,11.91,56.97,1469.97,4.72,58.8,963.83,4.5775,-0.1126,-0.1101,0.1779,29.21,21,643291,3677,Yes
21.65,2533.3,32.17,-29.11,61.77,1186.7,6.96,66.19,1030.09,4.815833333,0.3359,0.0128,-0.3496,30.8,12,3209141,3717,Yes
17.92,1562.3,25.97,-22.8,40.91,1840.0,5.12,96.28,1013.15,4.16,0.8848,-0.2674,-0.7926,26.7,133,312520,2940,Yes
12.32,680.25,0.42,46.06,137.8,2534.81,2.94,16.43,1055.75,4.964166667,-0.1315,0.1352,0.1389,33.16,180,1776421,6814,No
17.76,1939.69,39.82,-29.58,88.36,1320.78,6.58,94.54,1018.1,4.173333333,0.1765,0.1122,-0.2733,38.48,618,1128350,1574,Yes
13.95,174.87,0.89,42.06,122.71,2178.03,1.72,5.85,1057.79,4.730833333,0.4562,-0.0636,-0.4308,21.87,643,36842,1841,No
16.79,2618.98,39.76,-17.33,9.95,510.61,6.38,83.65,1041.32,4.16,0.2957,-0.1159,-0.264,28.79,14,1177345,4827,Yes
24.97,1735.12,31.85,-13.28,52.88,538.44,5.98,60.04,1011.24,4.964166667,0.3592,-0.0069,-0.3372,29.15,90,3498739,3578,Yes
8.67,650.19,13.03,-31.11,152.47,2771.89,3.31,18.46,942.1,5.2525,0.2695,-0.252,-0.2119,28.87,20,2292958,421,No
15.83,2186.37,33.86,11.05,1.41,257.16,7.16,55.38,983.68,4.173333333,0.327,-0.0049,-0.3146,31.46,27,9356962,446,Yes
18.19,2990.4,38.73,22.17,10.82,170.26,6.18,75.75,990.16,4.815833333,0.0826,0.1874,-0.1417,14.1,1595,1486777,0,Yes
25.47,2563.73,29.41,-21.74,35.37,1167.3,4.99,85.47,956.25,4.815833333,0.3119,0.0783,-0.3741,39.37,227,1020791,5648,Yes
25.62,2951.38,34.99,3.15,16.57,1109.59,6.54,69.12,966.67,5.2075,0.229,0.0392,-0.2778,41.69,52,1537133,8070,Yes
2.04,769.73,16.31,-34.65,105.51,3077.09,2.42,16.49,1059.0,4.730833333,0.0926,0.0987,-0.137,34.08,78,1634409,3432,No
6.21,353.31,3.39,49.84,134.5,3603.31,2.23,23.57,945.5,5.249166667,0.029,-0.0186,-0.0427,21.84,78,1750176,4745,No
24.12,2361.42,39.58,8.36,34.88,935.65,5.19,62.06,968.52,4.730833333,0.1888,0.0493,-0.2683,34.3,78,610183,2337,Yes
6.35,1145.69,15.2,-35.69,97.93,3686.26,2.76,47.32,1054.91,4.815833333,0.1122,0.0215,-0.1211,34.5,553,887978,61,No
22.96,1637.45,30.31,24.94,44.37,809.34,6.33,93.17,1001.75,5.3225,0.0855,0.0592,-0.1735,29.1,6,950289,294,Yes
16.25,1550.42,23.72,6.77,39.36,662.7,6.97,55.78,986.17,4.899166667,0.6047,-0.2803,-0.463,30.06,315,887978,61,Yes
17.73,1502.8,22.85,-18.21,47.05,1748.17,7.28,85.25,1043.93,5.146666667,0.0635,0.11,-0.1003,26.21,180,4021243,7680,Yes
23.09,2506.65,29.78,4.73,59.43,1515.44,7.07,75.64,957.58,5.421666667,0.0705,0.0094,-0.1496,25.31,6,133487,45110,Yes
11.58,1034.53,13.11,-32.85,132.18,2190.45,0.78,13.87,946.87,,0.0787,0.0997,-0.1393,37.34,269,43709,4226,No
6.85,557.6,15.47,-34.52,125.98,3910.42,2.38,19.28,941.13,5.421666667,0.3765,-0.0409,-0.3615,30.18,27,1321442,3761,No
22.58,1948.8,35.42,10.53,18.19,915.98,5.56,89.26,969.11,5.225833333,0.0672,0.0861,-0.1482,22.32,228,3728104,3394,Yes
21.26,2605.32,21.27,-7.97,63.55,77.35,7.22,81.8,1017.29,4.765833333,0.0837,0.0951,-0.1179,33.77,318,870354,2379,Yes
11.83,230.53,2.11,47.38,160.31,2951.32,3.33,5.13,946.62,5.249166667,0.0469,-0.0222,-0.0061,32.99,132,5099371,3968,No
22.26,1835.99,21.55,2.29,61.31,648.64,6.92,72.21,1046.74,4.899166667,0.0949,0.1649,-0.1077,33.49,9,2479052,5187,Yes
15.73,1696.34,34.69,-7.37,74.09,1337.28,5.66,75.13,998.82,5.094166667,-0.0512,-0.1637,0.0604,35.59,14,700843,638,Yes
23.57,1560.87,25.64,7.68,60.75,5.36,6.01,71.35,1020.37,4.765833333,0.8534,-0.2421,-0.7621,24.54,890,687271,5329,Yes
7.39,1384.04,4.09,-37.6,93.17,3246.98,1.72,23.28,1058.61,4.4525,0.2897,0.0433,-0.3203,40.95,383,1322507,5234,No
3.21,1080.64,4.84,48.81,136.95,2648.34,0.63,27.02,947.55,5.245833333,0.092,0.0919,-0.1525,35.25,115,1481255,5837,No
16.44,1792.13,26.17,-11.63,8.73,193.02,4.36,89.31,1024.5,4.5775,0.374,0.0113,-0.3754,23.12,245,4517398,8727,Yes
29.86,2799.81,24.32,-21.02,48.34,1512.82,5.16,89.8,978.79,4.730833333,0.0851,0.0791,-0.1323,29.01,612,259648,1766,Yes
4.28,225.54,3.65,44.04,135.98,3822.83,0.7,32.27,1052.08,3.9775,0.3347,-0.1251,-0.2991,16.46,3058,985417,0,No
19.13,2171.45,36.11,22.33,23.8,788.7,5.9,61.97,1040.45,4.173333333,0.8239,-0.3138,-0.7242,29.67,37,1986864,6091,Yes
4.01,1247.96,11.95,-39.28,131.88,3954.8,0.83,3.21,1058.47,4.899166667,0.2595,-0.0392,-0.2779,21.64,41,1303048,1321,No
27.32,1875.31,37.57,-14.89,22.54,1158.7,7.17,54.65,963.6,5.225833333,0.6024,-0.1357,-0.6114,28.44,441,1036346,5136,Yes
1.24,292.0,14.49,48.14,109.78,2971.87,1.33,6.64,943.55,4.485,0.0812,-0.0727,-0.0559,29.03,315,1840221,2249,No
11.09,675.62,5.37,43.24,170.25,3550.91,0.36,22.73,1057.1,4.485,0.1874,-0.0514,-0.2068,15.01,243,105597,3736,No
6.97,1330.8,2.53,-37.81,103.32,3906.17,2.96,40.54,941.8,4.5775,0.6284,-0.1555,-0.6301,32.35,441,1734495,3555,No
17.3,2949.74,37.22,-29.48,12.85,414.13,6.93,62.33,1015.32,3.9775,0.1614,-0.0307,-0.273,24.14,224,21167,6190,Yes
25.68,2539.15,29.53,36.07,81.84,566.92,7.23,87.16,978.21,4.899166667,0.169,0.0014,-0.2223,27.96,234,1025048,3600,Yes
27.42,2015.71,28.62,25.99,51.88,916.15,5.83,71.6,961.08,4.964166667,0.1425,0.0278,-0.163,27.41,211,64937,1421,Yes
24.21,1729.97,34.5,10.97,25.46,1959.77,6.5,71.71,960.13,4.935,0.1419,0.0558,-0.1978,26.84,251,3596674,6882,Yes
26.09,1636.68,31.21,2.97,40.3,1595.87,5.91,89.3,1028.68,4.679166667,0.2169,0.093,-0.2665,32.71,305,4543159,17048,Yes
1.84,340.5,4.01,-38.53,114.15,3068.76,3.23,44.23,1056.25,4.6025,0.0842,0.0374,-0.1318,28.05,84,709418,0,No
0.91,545.21,8.42,45.21,110.41,3081.08,1.8,34.34,1054.5,4.16,0.0217,-0.1313,-0.068,39.52,25,1300774,6309,No
2.61,151.16,14.56,49.89,127.78,2646.32,0.86,39.69,1052.82,4.9925,0.0927,0.0157,-0.1415,29.45,309,595527,1482,No
14.23,804.63,16.3,43.67,163.96,2872.14,2.09,19.52,1051.38,4.935,0.6187,-0.2231,-0.6068,37.63,14,1986864,6091,No
0.73,1320.72,11.46,47.0,121.43,2524.31,0.32,40.85,946.6,4.6025,0.102,-0.0051,-0.1631,26.89,6,3264619,3229,No
20.01,2290.19,24.88,-11.8,28.81,934.24,4.31,54.59,1001.78,5.245833333,0.2469,-0.2174,-0.1646,17.81,315,441162,3098,Yes
7.54,354.97,6.6,41.31,118.74,2643.41,1.83,23.47,1053.03,5.245833333,0.0081,-0.1787,0.0075,29.84,9,1241350,6703,No
18.35,2150.03,36.89,-3.89,75.15,1627.4,7.58,59.9,993.81,4.6025,0.2603,-0.1146,-0.2553,32.13,14,1900661,1687,Yes
2.75,49.19,7.03,-34.41,125.63,3032.57,0.78,40.98,945.4,5.295833333,0.1965,0.0231,-0.2502,41.59,21,2359886,15732,No
16.54,1919.5,22.84,-27.08,68.53,1887.49,5.62,54.33,1016.84,4.9925,0.1859,0.1043,-0.2418,35.57,10,954605,4251,Yes
18.6,2268.03,35.29,31.77,65.44,1366.39,7.67,51.59,1046.86,5.146666667,-0.0837,-0.262,0.1629,29.79,943,4081148,19130,Yes
13.28,540.98,3.46,-32.76,165.19,3945.51,3.19,39.07,1058.1,4.964166667,0.2523,0.2712,-0.3767,32.37,147,774549,0,No
8.44,1243.39,8.36,-35.13,96.11,2440.78,3.17,26.27,945.73,4.6575,0.4145,-0.0416,-0.4337,40.29,335,1128350,1574,No
23.37,2717.14,20.22,-16.66,11.06,14.05,6.2,82.64,1025.98,5.3225,0.199,0.0345,-0.2207,34.79,119,1064493,2904,Yes
26.1,1948.23,25.9,-25.56,22.88,1823.36,5.43,99.38,1007.06,3.9775,0.1513,-0.291,-0.0644,23.87,41,1125313,931,Yes
26.98,2804.52,35.15,-27.64,69.22,1033.9,7.41,68.69,989.77,4.6025,0.2478,-0.0927,-0.2245,37.71,305,3077233,6693,Yes
3.19,622.81,1.64,45.77,146.85,2841.65,0.72,11.6,1051.72,4.255,-0.0092,-0.1065,0.0047,19.54,612,922088,1899,No
27.77,2113.85,37.54,19.91,11.11,1806.61,4.92,75.62,992.57,4.964166667,0.6588,-0.2143,-0.6028,28.45,227,259898,2241,Yes
11.3,654.25,6.67,48.37,128.38,2222.86,1.32,25.92,1053.27,5.04,0.295,0.038,-0.3175,27.77,95,612310,1282,No
21.88,2466.05,32.27,-17.27,29.89,1690.54,6.32,94.5,1041.84,5.245833333,0.6482,-0.1405,-0.5747,30.17,383,795332,0,Yes
22.23,1894.26,20.34,-23.49,41.93,851.9,5.82,86.93,1017.08,3.489166667,0.1131,0.2598,-0.2968,36.65,141,7717563,7024,Yes
16.53,2526.15,27.03,-8.42,8.44,1596.48,7.01,73.06,950.47,4.935,0.0905,0.0056,-0.1198,20.86,230,1648902,2542,Yes
13.19,1446.14,5.43,-31.31,157.72,3013.81,1.41,19.92,1054.7,5.2075,0.4044,0.0861,-0.4537,17.46,1406,5167600,3927,No
3.71,601.59,13.17,-36.57,149.88,3188.75,0.52,39.84,1054.4,5.2075,0.0466,-0.1263,-0.0099,38.77,141,861766,0,No
26.69,2546.07,35.52,-5.75,49.01,949.71,6.43,78.69,1004.91,4.9925,0.4532,0.013,-0.4821,38.87,245,4440895,3321,Yes
17.39,2339.63,35.02,-18.12,3.34,410.07,6.02,84.15,960.96,,0.1645,0.0902,-0.2247,31.1,474,1055450,114,Yes
0.83,764.32,6.2,-38.72,114.6,2858.08,1.27,9.53,1055.83,4.4525,0.2538,-0.0652,-0.2199,34.84,243,1061204,1745,No
7.76,84.55,2.57,-32.63,119.89,3893.15,3.18,3.81,1058.35,4.16,0.1634,-0.0083,-0.1818,35.85,119,3209141,3717,No
22.95,2885.95,21.04,-23.51,70.9,181.39,6.28,95.1,1009.88,3.9775,0.6523,-0.2084,-0.5907,32.78,41,1072942,14412,Yes
9.16,11.83,9.75,-38.03,158.33,3763.51,3.4,36.03,1059.84,4.935,0.0916,-0.0718,-0.0886,13.91,243,1064493,2904,No
11.51,217.77,0.35,46.63,163.61,2635.2,1.05,4.86,1054.92,4.899166667,0.1359,0.2471,-0.3089,34.06,141,693947,2036,No
11.32,1448.79,3.78,45.86,115.13,2097.62,2.27,34.95,945.76,5.245833333,0.1322,0.0671,-0.2052,33.63,588,1303048,1321,No
6.34,500.51,3.57,-38.48,168.07,2911.41,2.62,15.32,947.65,5.04,0.1034,0.0333,-0.1868,39.36,215,2127789,1415,No
3.89,1404.54,19.01,44.73,124.43,2462.39,3.28,24.31,945.14,4.964166667,0.0268,-0.078,-0.0078,35.75,208,1032754,4790,No
10.72,876.09,5.34,48.22,109.11,2034.29,2.21,40.64,1055.15,3.489166667,0.075,0.0738,-0.112,16.58,612,900332,1594,No
22.05,2693.39,21.51,-22.78,22.68,796.78,4.69,60.89,1042.04,4.765833333,0.0992,0.0782,-0.2058,34.36,280,1089263,1507,Yes
19.3,2565.02,21.49,23.63,19.51,617.31,6.69,98.01,985.85,4.16,0.1374,0.0777,-0.2225,39.0,588,1959046,7718,Yes
23.07,2650.11,39.39,-7.43,23.87,582.6,4.61,65.29,1012.29,5.04,0.1923,0.0328,-0.3091,32.44,445,617508,1458,Yes
6.17,926.14,14.54,42.42,174.12,2602.55,0.13,23.18,944.49,3.489166667,0.054,0.0841,-0.0974,19.88,228,163418,2026,No
13.33,1358.07,0.61,-37.59,164.04,2783.33,0.41,29.3,1052.97,4.4525,0.3347,-0.1582,-0.3306,28.44,27,43709,4226,No
11.5,932.67,9.41,-37.48,93.74,2003.51,2.36,14.44,1054.21,3.9775,0.0905,0.1209,-0.1553,38.8,588,1951014,5217,No
11.61,701.29,15.01,46.38,150.94,2139.98,2.08,16.95,1058.62,5.04,0.7051,-0.1675,-0.6241,23.75,1406,2722290,4509,No
10.71,191.08,1.94,48.35,114.17,3889.24,1.98,41.58,1058.09,,0.2603,0.1205,-0.2787,30.01,125,887142,3296,No
24.88,2314.54,24.19,-17.15,46.04,1556.82,7.03,56.36,980.16,4.935,0.1761,0.0147,-0.212,27.0,52,1389920,5570,Yes
25.25,2723.57,20.2,19.3,8.3,1255.21,7.73,82.31,985.85,4.765833333,0.0635,0.1299,-0.124,33.67,747,1128350,1574,Yes
23.98,2578.44,34.23,-9.84,53.59,1039.56,5.63,66.07,1034.1,4.6575,0.096,-0.0393,-0.0431,36.45,34,2031007,3686,Yes
9.63,1026.59,2.09,42.59,100.44,3322.6,0.48,1.1,1058.23,4.935,0.0603,0.1507,-0.0752,31.32,9,3564544,2905,No
21.26,2460.36,21.03,-20.2,87.16,1377.15,5.16,61.15,974.05,5.295833333,0.0803,0.0656,-0.1208,39.82,251,5099371,3968,Yes
19.58,2636.27,35.32,-6.89,83.85,1249.81,6.56,65.89,974.84,4.255,0.5498,-0.1956,-0.4882,23.88,227,1928812,8442,Yes
20.33,2559.03,38.01,13.0,31.45,1236.86,6.99,84.59,988.78,4.173333333,0.0404,-0.0422,0.0055,33.12,57,1295189,4277,Yes
0.96,425.38,13.04,41.78,151.29,3148.46,0.11,47.83,940.03,4.6575,0.0921,0.0653,-0.1618,39.9,5,4174064,15152,No
0.04,1236.58,1.26,46.2,174.57,3346.73,0.55,30.02,1051.25,4.7975,0.2122,0.0018,-0.2528,36.42,190,330086,8016,No
6.07,869.07,2.57,-38.74,171.43,3762.5,1.47,32.39,947.76,5.146666667,0.0903,0.1024,-0.1114,25.26,747,2193590,2624,No
1.07,226.52,6.47,-33.85,162.34,2768.88,2.34,30.79,944.73,4.899166667,0.3287,0.0278,-0.3111,23.04,227,3239774,2981,No
14.47,432.29,4.63,44.08,161.2,2972.54,2.85,16.31,1058.58,5.2075,0.7202,-0.1818,-0.615,30.26,147,595527,1482,No
16.12,2633.74,39.48,-19.6,85.2,1561.58,4.69,70.87,1023.07,4.899166667,0.2113,-0.0105,-0.2378,36.79,38,1840221,2249,Yes
29.41,2952.6,36.1,-5.94,23.17,1160.93,4.75,55.89,995.11,4.4525,0.2682,0.0078,-0.3114,21.62,305,2809934,4482,Yes
22.2,1714.61,29.25,-5.66,1.99,101.97,5.85,75.48,1045.06,4.16,0.0827,0.0298,-0.159,22.75,309,2159775,6036,Yes
12.8,705.04,16.98,48.01,117.37,3294.79,0.34,29.29,948.68,4.173333333,0.1972,-0.0622,-0.2118,16.13,243,392232,345,No
18.86,2334.58,25.23,-25.1,40.02,1038.66,5.68,91.33,1035.89,4.9925,0.7535,-0.3073,-0.691,31.18,37,2344474,6539,Yes
2.83,1133.85,14.11,47.75,91.19,2382.73,1.23,7.46,1054.2,4.9925,0.4837,-0.1709,-0.3988,32.52,277,2823768,3973,No
12.21,140.27,3.39,48.59,177.88,3611.47,1.1,30.92,1051.75,5.245833333,0.2688,-0.0818,-0.1989,33.77,643,1389920,5570,No
11.95,1320.92,7.86,-33.62,155.5,2523.85,1.59,35.83,945.47,5.146666667,0.1692,0.0057,-0.21,34.02,211,4779661,13433,No
20.87,2914.42,38.12,-24.13,37.61,1786.92,5.99,96.49,973.72,5.3225,0.2172,0.1004,-0.2354,27.35,245,1796184,3021,Yes
3.67,1328.18,6.61,-31.12,163.74,2411.92,3.44,19.73,942.0,4.964166667,0.4704,0.023,-0.5014,31.93,184,577817,4325,No
7.12,186.48,12.12,-34.05,169.59,3214.66,0.54,4.07,941.48,4.505833333,0.2271,0.0808,-0.2781,27.08,90,1005711,0,No
12.68,920.52,17.96,-31.57,112.01,2115.84,2.62,5.86,1052.35,4.485,0.0518,0.0273,-0.0667,33.01,285,258840,2448,No
6.39,551.43,3.41,-35.58,146.3,3769.81,0.45,33.54,946.38,4.815833333,0.4023,-0.0543,-0.447,29.39,212,999777,3950,No
1.81,42.57,15.14,48.88,108.65,3581.44,1.05,11.03,943.27,5.3225,0.2944,0.0501,-0.3403,19.07,208,4063872,12383,No
19.43,1619.69,29.71,-2.1,78.41,735.03,4.49,96.29,1049.3,3.489166667,0.1479,0.1686,-0.1839,33.36,1595,1331597,8466,Yes
3.26,141.24,15.24,-39.72,127.07,2892.16,1.02,5.41,1054.85,4.16,0.4129,-0.0656,-0.406,31.96,27,5838465,3202,No
5.78,585.92,13.31,-39.57,110.07,2907.97,1.64,28.62,948.67,4.6575,0.3798,-0.0825,-0.3436,33.58,27,3264619,3229,No
21.44,2124.39,25.08,1.34,76.07,221.05,6.35,78.75,1009.44,4.485,0.2953,-0.1291,-0.2159,29.29,643,1634409,3432,Yes
3.86,415.47,10.94,49.99,137.66,3624.37,1.33,15.43,1052.38,4.505833333,0.0899,0.1128,-0.1575,29.91,180,1796184,3021,No
20.38,2753.64,28.8,1.16,78.32,988.68,7.51,94.68,969.98,4.6025,0.0546,0.191,-0.1148,37.8,747,0,0,Yes
10.63,1147.65,10.19,-32.12,109.6,2689.84,0.93,8.89,945.37,4.815833333,0.0264,-0.1393,-0.0267,36.58,305,476835,1674,No
12.27,748.97,18.58,46.3,93.14,3173.6,2.09,40.5,940.53,,0.379,-0.04,-0.461,38.38,441,2445474,4962,No
9.25,1321.69,10.72,41.86,108.35,2821.94,1.18,48.88,947.85,4.5775,0.7193,-0.2884,-0.6638,28.11,212,985417,0,No
19.23,2946.56,37.42,33.16,46.49,1409.7,5.5,82.76,1049.79,4.765833333,0.0693,0.0068,-0.002,23.65,95,1493984,7086,Yes
24.98,1702.2,38.28,38.58,21.47,1405.11,5.95,52.08,1028.04,5.225833333,0.4727,-0.0648,-0.5037,35.36,643,35320,6590,Yes
10.77,173.02,13.07,-32.35,116.74,2696.78,2.6,43.07,1057.31,5.2075,0.5625,-0.1315,-0.5536,35.44,643,3988845,3733,No
24.73,2543.23,20.5,-9.63,39.2,1786.41,6.93,63.28,1023.5,4.6025,0.1749,0.0794,-0.2501,25.09,251,3681896,5168,Yes
16.43,2320.84,31.39,18.5,58.67,1297.39,4.25,79.72,1003.28,4.16,0.3181,-0.0308,-0.3184,28.02,924,183998,4544,Yes
13.11,1038.72,4.88,-31.22,98.35,3849.37,1.61,41.35,948.85,4.935,0.0615,0.0484,-0.0061,30.99,84,1544338,7822,No
17.71,2820.37,21.78,5.1,5.07,1159.33,4.25,86.95,1001.25,5.225833333,0.3448,-0.0573,-0.3744,36.28,243,814010,5131,Yes
3.36,944.11,0.68,44.38,174.11,3195.17,1.96,4.68,944.63,5.225833333,0.3883,-0.1248,-0.3628,30.61,924,1870374,1684,No
8.93,1404.39,9.58,-32.95,155.18,3086.09,0.96,47.43,1058.49,4.6575,0.1836,0.1353,-0.3131,43.33,305,2292958,421,No
17.08,1627.49,24.67,5.17,58.18,1103.27,5.25,95.1,1034.44,4.815833333,0.3391,-0.0562,-0.3691,38.64,318,831668,2012,Yes
19.42,1816.38,32.31,8.67,29.79,1043.84,7.36,74.28,968.07,5.3225,0.2493,0.0546,-0.3388,31.01,305,1760405,3098,Yes
24.73,2826.56,37.69,26.97,83.21,206.91,6.19,71.56,951.56,5.249166667,0.6778,-0.1862,-0.5603,35.29,116,876001,3057,Yes
20.24,1698.08,20.88,-26.2,58.5,676.57,5.48,50.06,966.22,4.815833333,0.2342,-0.0593,-0.2838,36.73,224,1873046,8025,Yes
18.94,2787.22,37.17,32.17,9.45,1717.39,4.81,72.32,1030.9,4.5775,0.1587,-0.0678,-0.1286,35.79,8,1064493,2904,Yes
11.78,1310.86,17.53,-37.85,104.83,3491.16,1.33,23.36,1058.37,4.255,0.1549,0.0318,-0.2189,27.68,78,105597,3736,No
24.33,2374.0,38.51,-10.61,9.98,1222.25,7.39,61.5,1049.52,4.730833333,0.0584,-0.0633,-0.0283,33.27,9,2635375,2483,Yes
29.57,1847.71,22.66,12.92,5.93,502.93,7.0,99.64,952.02,5.245833333,0.4411,-0.1497,-0.413,31.58,13,994628,1094,Yes
6.45,1412.37,15.67,-33.29,137.38,3945.24,0.32,4.11,942.68,,0.2781,-0.0899,-0.3337,39.12,52,2292958,421,No
15.22,2045.11,21.81,2.0,81.18,468.24,7.29,52.34,970.49,4.16,0.2255,0.0512,-0.2198,31.03,34,1450001,2122,Yes
20.3,2478.82,31.06,14.47,66.55,828.91,7.08,71.84,1046.29,4.815833333,0.0943,0.0999,-0.1511,35.11,280,2293919,3562,Yes
7.29,1236.08,0.22,42.49,157.65,3727.31,0.28,30.67,1051.8,5.094166667,0.2946,0.0027,-0.2994,35.22,417,4613913,4054,No
7.74,722.9,16.49,-38.0,163.24,2319.33,1.13,26.26,944.41,5.146666667,0.3977,-0.0796,-0.3966,33.37,8,2519738,10418,No
11.24,1257.38,15.83,44.57,113.9,3872.46,2.91,44.86,948.94,4.173333333,0.1785,-0.2035,-0.0783,29.73,41,1698730,3479,No
28.88,1574.13,33.05,9.33,37.23,1484.33,4.38,62.51,1038.99,,0.3728,0.0151,-0.3823,22.28,245,1069261,0,Yes
23.4,2074.28,29.48,39.56,12.19,278.07,7.53,60.83,969.01,5.225833333,0.0661,0.1026,-0.1127,33.26,228,1986864,6091,Yes
5.49,1355.83,5.62,-36.97,125.68,2693.23,1.09,14.25,948.43,5.249166667,0.1832,0.0053,-0.2311,40.05,190,1965970,4989,No
24.19,1691.15,21.29,-4.7,69.4,1125.85,6.96,98.11,1029.73,4.6575,0.8076,-0.24,-0.6733,32.04,133,3423574,2294,Yes
24.73,2111.22,36.46,18.86,51.59,1056.78,5.59,89.16,1040.51,4.16,0.0116,-0.1561,0.0338,29.66,643,1626384,3332,Yes
28.96,2135.53,26.1,9.18,70.98,1008.53,5.68,55.91,994.24,4.5775,0.0495,0.1134,-0.1202,35.56,15,814010,5131,Yes
19.99,2190.47,38.38,36.8,24.17,1700.47,4.56,59.85,1015.29,4.173333333,0.1272,0.0494,-0.1923,36.11,0,1873046,8025,Yes
6.1,504.03,13.76,43.22,144.03,3672.24,2.37,13.58,1057.0,5.421666667,0.3183,0.0413,-0.3833,39.7,95,1080858,0,No
14.19,809.57,12.09,-39.27,135.82,2655.01,0.07,32.68,1055.63,4.7975,0.2348,-0.0153,-0.2592,22.47,211,612310,1282,No
17.44,2650.97,37.95,32.5,14.1,39.66,6.05,81.91,984.24,5.094166667,0.2069,-0.0447,-0.2268,28.23,554,1873046,8025,Yes
15.05,2661.57,39.85,-25.92,27.47,229.49,7.89,97.53,983.78,5.421666667,0.0119,-0.0864,0.0228,33.29,643,1756268,10423,Yes
1.78,480.26,16.47,43.16,107.8,3030.93,1.21,40.19,941.32,,0.2195,0.0361,-0.2697,39.07,474,1648295,5955,No
27.96,1901.44,20.52,38.55,65.04,433.88,6.91,89.89,987.86,4.6575,0.1347,0.0174,-0.1889,21.05,242,1974551,2206,Yes
11.62,1445.19,7.17,42.07,169.05,2806.99,1.61,17.55,1060.0,4.899166667,0.1343,0.1043,-0.2638,36.25,9,994628,1094,No
6.59,490.49,11.72,-32.06,93.1,2923.49,2.21,11.31,1055.92,5.2075,0.2013,0.0636,-0.2397,29.25,69,2127789,1415,No
18.16,2109.92,20.98,6.78,30.59,1708.77,4.41,56.03,1005.34,5.225833333,0.3376,-0.0563,-0.3944,20.55,277,1411129,6219,Yes
8.6,58.19,11.26,-34.04,94.2,2382.77,1.66,41.31,1055.01,4.730833333,0.3538,0.0603,-0.4189,17.85,943,1743931,3983,No
25.36,2541.47,21.69,19.76,63.46,313.43,7.09,52.63,1039.23,4.173333333,0.2035,0.1959,-0.2818,37.42,0,1752753,8478,Yes
5.5,81.12,2.15,44.01,104.2,3078.19,2.84,18.17,1057.99,3.9775,0.1062,-0.0261,-0.146,35.49,285,1512681,6195,No
17.65,2184.36,37.84,1.06,81.62,1572.28,4.58,78.73,1015.89,5.3225,0.2259,-0.0812,-0.2844,17.94,224,577758,0,Yes
23.02,1504.48,20.21,3.05,66.62,1151.8,6.71,75.78,1018.34,4.964166667,0.1935,0.0906,-0.2412,41.99,474,483439,7090,Yes
26.12,2354.8,25.25,-24.94,35.1,79.0,6.21,52.84,1022.82,4.730833333,0.1848,0.0184,-0.2371,31.52,78,1450001,2122,Yes
15.57,2372.68,33.29,-29.06,50.46,323.22,7.3,78.65,1043.64,5.245833333,0.4249,-0.0647,-0.4277,35.8,335,1064493,2904,Yes
19.11,2647.41,39.86,4.13,43.74,1404.02,5.29,92.26,958.73,4.173333333,0.1208,0.0879,-0.1913,27.33,588,4112920,3554,Yes
24.59,1872.55,27.35,-6.08,76.45,1544.78,6.59,62.62,1034.99,4.815833333,0.1847,-0.0558,-0.2318,30.47,47,999777,3950,Yes
27.56,2834.26,24.46,-20.22,71.93,1563.77,6.66,76.12,957.92,4.815833333,0.1288,0.0835,-0.1832,26.32,84,875958,3144,Yes
12.71,1489.27,10.76,47.16,107.78,3642.7,2.0,17.7,1056.93,,0.1466,0.0833,-0.1677,23.63,119,4317756,14895,No
14.28,952.49,2.1,-32.44,109.87,3172.78,0.56,36.84,946.41,4.765833333,-0.0243,-0.1413,0.0601,27.67,890,4143512,4008,No
9.82,1349.2,9.93,-36.86,166.17,2619.16,1.81,21.74,944.68,4.5775,0.0609,0.0812,-0.1327,39.79,5,83947,7422,No
22.35,2831.27,32.39,-14.04,49.89,1718.93,4.14,97.16,1012.22,4.505833333,0.1091,0.094,-0.1807,34.77,588,1666886,1486,Yes
21.36,1608.24,20.12,35.34,60.53,484.53,6.05,64.84,957.48,4.4525,0.3011,-0.0747,-0.358,35.27,318,343709,491,Yes
11.9,731.04,6.36,-38.16,128.02,3330.33,0.59,35.64,947.99,4.485,0.2556,0.0409,-0.2867,36.96,32,1796184,3021,No
12.2,1165.06,18.26,-34.59,178.23,2414.4,1.41,30.56,943.01,4.9925,-0.0525,0.0443,0.063,32.33,553,1706352,1703,No
18.9,1944.95,21.29,0.75,40.82,1098.24,6.7,73.61,967.8,5.225833333,0.0944,0.2543,-0.1074,33.46,9,1870374,1684,Yes
29.84,2445.47,27.3,-0.47,71.16,1301.58,4.46,89.26,1045.31,,0.1406,0.1573,-0.1851,25.0,512,1796184,3021,Yes
23.91,2885.18,30.63,12.99,80.3,1806.36,5.0,82.83,972.43,4.815833333,0.0916,0.0732,-0.12,26.06,180,771639,1052,Yes
24.73,2549.9,27.59,5.28,62.39,304.31,5.58,73.03,1031.0,4.730833333,0.3903,-0.045,-0.4034,39.23,643,144182,3313,Yes
6.48,729.77,1.14,41.23,104.65,2575.38,0.26,17.4,945.18,5.3225,0.1784,-0.226,-0.1663,30.32,8,1648295,5955,No
18.78,1606.27,26.5,-23.27,70.91,430.05,7.66,55.84,1023.19,4.815833333,0.1208,0.2477,-0.2348,32.3,134,3301427,2189,Yes
23.52,2245.74,27.65,-2.52,43.13,1276.9,5.58,56.94,1004.68,4.815833333,0.4124,-0.0905,-0.3698,33.41,564,0,0,Yes
28.07,2969.57,26.79,18.48,46.12,1601.63,6.01,50.88,1028.64,5.225833333,0.1457,0.1244,-0.1903,30.27,12,0,0,Yes
18.77,2534.2,22.64,-6.65,9.22,1391.19,5.79,59.55,1030.08,4.964166667,0.3423,-0.1144,-0.3402,30.12,445,3499171,4512,Yes
29.13,2196.56,24.13,34.87,12.97,1563.37,4.67,75.31,1018.99,5.249166667,0.1087,0.117,-0.1503,26.55,612,1388525,3353,Yes
27.52,1819.76,31.35,35.07,49.91,280.29,7.11,52.91,1040.17,5.249166667,0.1908,0.1005,-0.2518,37.25,10,2127086,3642,Yes
11.02,238.75,0.38,42.1,174.85,3799.26,2.32,19.82,941.57,3.489166667,0.1123,0.0502,-0.1855,38.71,115,644758,4076,No
0.41,606.36,6.43,42.98,172.32,3157.58,0.69,45.82,948.31,4.6025,0.5332,-0.05,-0.5276,20.73,943,1151050,2668,No
10.7,1455.0,11.19,-36.28,174.33,2672.83,1.85,46.58,1051.04,,0.2808,-0.1653,-0.2352,25.24,13,1389920,5570,No
28.54,2155.31,39.61,-14.72,43.25,1654.66,7.16,75.84,952.98,4.6575,0.5064,-0.1134,-0.5348,32.57,441,9621551,2196,Yes
3.65,683.6,4.7,-35.8,141.76,3030.69,0.03,32.68,1052.27,4.9925,0.3113,-0.0481,-0.3181,34.65,38,684627,1356,No
12.15,874.07,1.44,-35.42,171.1,3401.35,2.79,36.07,946.52,5.225833333,0.5674,-0.1439,-0.4869,28.28,20,3209141,3717,No
8.71,405.85,13.71,-38.12,164.22,3386.25,1.9,42.88,948.34,5.2075,0.4105,-0.0402,-0.3914,39.79,305,1952756,2541,No
24.26,2364.25,25.66,-26.87,33.94,1740.9,6.53,89.78,1033.14,4.6575,0.0032,-0.1101,0.0219,16.26,212,875958,3144,Yes
1.74,1408.52,18.44,-31.31,118.96,2423.14,1.91,19.44,1051.37,5.295833333,0.0345,0.0192,-0.0542,15.45,242,1797485,4522,No
29.5,2887.65,33.12,-11.01,4.42,171.91,7.36,76.22,1034.09,4.765833333,0.598,-0.1539,-0.5943,24.0,441,876001,3057,Yes
15.2,2908.24,33.14,17.39,72.67,1296.94,4.98,79.19,1037.85,4.9925,0.2191,0.0154,-0.2381,30.45,190,3872846,6227,Yes
6.44,455.92,17.53,-34.43,155.1,2104.15,1.48,37.0,944.85,5.04,0.2791,0.031,-0.3509,34.84,212,954605,4251,No
25.73,1622.84,27.57,28.41,2.13,720.69,6.19,73.25,972.02,4.7975,0.0907,0.1027,-0.1509,28.07,512,2148665,3349,Yes
29.74,1769.38,27.29,26.96,32.29,1588.32,6.55,83.93,1024.16,4.173333333,0.0624,0.1201,-0.0583,32.26,84,2490656,2683,Yes
3.77,266.08,15.07,-37.52,177.24,3160.91,1.96,8.47,1056.17,5.225833333,0.2337,0.0172,-0.268,41.11,318,927140,0,No
28.25,2739.68,26.73,-14.17,19.49,1777.84,6.42,90.61,954.97,4.16,0.3107,0.0059,-0.3354,21.22,315,1879809,5129,Yes
7.91,261.89,5.96,-35.83,125.56,2604.43,2.61,4.75,1052.81,5.295833333,0.1509,0.0717,-0.2105,37.09,69,1836086,6214,No
5.63,60.15,19.04,-35.12,142.01,2565.78,1.09,30.82,941.68,5.094166667,0.0474,0.0172,-0.0466,32.38,5,43709,4226,No
26.56,2730.23,32.42,-21.21,19.07,1642.03,6.53,88.5,1025.3,5.04,0.2832,0.0077,-0.3239,38.43,74,949443,1341,Yes
5.03,1217.1,12.49,-39.56,150.28,2603.09,1.7,48.39,944.83,5.249166667,0.2218,-0.0798,-0.2085,26.66,211,400309,3576,No
2.03,1061.23,10.77,41.03,141.89,3469.99,2.28,14.1,1053.84,5.146666667,-0.0042,0.0491,0.0008,17.26,212,3003741,10480,No
9.87,1175.23,3.91,42.35,125.9,2102.22,1.35,1.03,1051.59,5.249166667,0.6479,-0.2279,-0.6074,27.17,181,1016520,7135,No
15.71,2992.99,27.87,39.31,27.84,10.37,5.77,57.87,992.47,4.6575,0.0136,-0.085,0.0108,20.1,280,4063872,12383,Yes
27.97,2214.83,31.76,7.35,21.74,1196.3,7.65,74.67,968.87,5.2525,0.0648,-0.5086,-0.0564,6.73,3058,1690400,1884,Yes
21.82,1956.25,38.93,3.09,17.24,951.66,5.7,82.58,985.8,4.730833333,0.4634,-0.2644,-0.3731,37.1,116,1506337,2505,Yes
27.7,2148.44,24.97,19.17,48.22,470.79,6.65,93.7,1030.95,4.730833333,0.1028,0.1183,-0.1824,30.6,588,3443689,2559,Yes
26.07,2909.33,22.98,2.36,6.87,714.26,7.41,60.22,967.9,4.935,-0.0048,-0.1311,-0.0071,17.92,3058,4517398,8727,Yes
0.25,153.88,3.7,-34.42,104.04,3063.59,2.14,26.66,946.62,5.2075,0.0115,-0.051,-0.0178,32.79,14,83448,7032,No
16.6,2136.47,38.53,39.59,31.74,1605.62,6.81,60.83,988.33,5.295833333,0.1022,0.2231,-0.2752,36.02,141,1706352,1703,Yes
14.31,794.0,2.22,-39.06,170.62,3570.54,1.98,40.46,948.29,4.899166667,0.4139,-0.2362,-0.3497,25.75,37,1648997,6575,No
6.88,1159.95,0.49,-33.11,125.85,3254.16,2.03,32.69,1057.06,5.225833333,0.2308,0.0076,-0.254,33.2,208,378230,2400,No
5.55,1140.08,9.36,-36.02,172.47,2567.66,3.3,5.74,948.45,4.16,0.2281,0.1125,-0.3029,24.14,445,2684703,2952,No
9.23,1127.69,1.6,-36.6,162.87,2777.82,1.05,4.94,1053.27,4.730833333,0.069,0.0601,-0.1134,37.14,220,2624470,3932,No
13.85,1401.91,4.93,-32.86,155.96,3505.43,3.41,2.84,1051.55,4.173333333,0.2281,0.1125,-0.3029,24.14,445,2446265,0,No
3.4,605.98,13.26,41.01,175.62,3684.42,0.12,11.98,940.23,4.5775,0.5727,-0.1988,-0.5591,23.27,227,3988845,3733,No
27.68,1727.41,29.99,33.68,48.71,51.1,7.91,54.32,1001.22,4.899166667,0.2936,-0.091,-0.2705,37.51,305,3872846,6227,Yes
6.75,38.18,9.16,41.04,174.45,2015.99,0.86,5.85,941.33,4.6575,0.0457,0.0525,-0.1074,36.28,15,133487,45110,No
3.95,223.83,11.3,47.89,140.39,2577.27,0.84,19.45,1053.03,5.2525,0.3723,-0.1056,-0.3333,28.4,27,1703005,4459,No
2.35,928.75,2.15,-34.83,122.0,2143.79,0.63,23.06,1054.56,4.899166667,0.4404,-0.727,-0.4375,-3.76,3058,8161961,9960,No
11.19,18.48,15.93,-33.86,143.56,3493.54,2.43,14.77,1051.19,4.815833333,0.3151,-0.0804,-0.3688,39.22,318,3068420,11724,No
14.32,1356.01,12.11,41.8,155.98,3579.97,1.39,16.59,1057.97,5.04,0.0697,0.1589,-0.0015,38.89,34,749237,3747,No
11.63,1305.35,15.12,-34.12,119.97,2897.55,2.19,3.75,943.65,4.16,0.4217,-0.0856,-0.3962,27.74,27,136435,1166,No
3.76,880.02,8.05,-35.86,161.53,3862.72,2.05,49.39,947.31,5.245833333,0.4317,-0.0692,-0.3938,27.03,245,554519,4102,No
17.18,2317.55,39.09,-22.46,48.91,550.68,7.86,97.86,1042.6,5.146666667,-0.0126,-0.0231,-0.0728,25.33,234,283713,1329,Yes
25.96,2778.06,32.32,-26.63,78.11,230.96,7.38,73.76,951.7,4.7975,-0.0099,-0.0879,0.0657,33.12,311,1486777,0,Yes
23.82,2713.34,31.19,6.17,67.32,1960.27,5.13,58.74,1039.7,4.6025,0.1385,0.1014,-0.1704,18.71,445,1340411,5535,Yes
15.6,2593.71,30.61,14.5,21.08,30.05,5.74,57.9,987.41,5.146666667,0.5011,-0.2366,-0.4602,28.93,13,482162,1923,Yes
5.95,3.49,2.3,48.38,166.07,2623.08,2.15,43.43,946.7,5.225833333,0.1509,0.0717,-0.2105,37.09,69,590297,2817,No
16.4,2186.75,32.14,3.02,76.23,236.54,7.77,51.33,998.92,4.6575,0.4765,-0.1599,-0.4182,30.16,13,7214225,8107,Yes
8.47,301.09,1.58,42.03,117.91,3485.81,1.76,5.33,946.25,4.7975,0.3525,-0.0585,-0.3832,35.56,243,3405559,4609,No
18.67,2615.95,21.62,-17.19,5.08,701.61,4.93,89.64,1027.05,4.765833333,0.1016,-0.0511,-0.1098,37.2,15,3276697,3898,Yes
16.16,2578.45,24.93,15.15,17.93,1855.87,4.52,99.72,967.28,,0.1055,0.1091,-0.2025,41.16,399,1458248,5524,Yes
18.92,2986.38,32.89,-5.82,56.25,1716.99,6.49,52.83,988.38,3.489166667,0.4393,0.0365,-0.4872,16.82,943,1655169,3625,Yes
15.72,1586.88,38.54,38.41,76.85,1978.92,7.93,99.64,1020.97,4.730833333,0.4263,-0.0531,-0.4504,36.3,349,686133,3237,Yes
27.44,1748.4,24.98,25.57,78.53,899.1,6.82,58.26,1034.52,4.16,0.1898,0.0451,-0.1444,33.09,32,283713,1329,Yes
27.27,2340.34,34.09,-10.07,82.22,1199.01,5.58,94.79,984.5,5.2525,0.1171,0.0201,-0.1551,19.42,132,2205968,1713,Yes
22.54,1510.27,22.98,20.94,62.15,968.26,4.7,88.39,1002.16,4.255,0.1299,-0.0531,-0.1305,19.02,277,139820,4653,Yes
9.32,1428.36,14.79,43.49,173.24,3482.7,3.3,0.07,1053.76,5.245833333,0.1607,-0.0409,-0.1539,29.03,924,3701282,10107,No
28.36,2360.97,20.74,10.57,11.35,620.62,6.26,72.65,971.94,4.5775,0.6205,-0.3046,-0.5757,6.03,3058,343709,491,Yes
27.01,2636.97,34.44,-24.97,26.92,1978.31,5.53,82.76,1006.19,5.249166667,0.2127,0.1344,-0.2124,29.97,12,4261566,2904,Yes
11.7,193.18,12.06,-36.57,99.0,3965.89,0.96,36.41,946.98,4.679166667,0.2044,-0.0187,-0.227,36.91,211,64937,1421,No
25.83,2979.73,21.17,-2.55,35.08,361.85,4.88,83.78,970.68,5.146666667,0.0529,0.0851,-0.074,36.27,5,900332,1594,Yes
20.56,2181.72,26.96,11.98,55.52,1974.47,4.32,54.3,994.31,4.4525,0.1615,0.0161,-0.2305,35.31,47,1008039,4243,Yes
3.33,50.8,7.7,42.52,109.87,3943.85,2.55,7.41,948.51,5.295833333,0.0954,0.1201,-0.1057,11.23,1595,554519,4102,No
27.3,2482.36,25.01,-24.29,46.74,455.34,4.16,92.23,987.03,5.3225,0.1848,0.0915,-0.2495,29.02,9,849651,5207,Yes
25.5,2284.51,22.45,-3.21,82.55,1988.71,6.86,71.4,1041.44,,0.1415,0.1368,-0.1663,27.66,0,1221592,5039,Yes
4.07,1322.63,13.59,42.0,113.05,2752.76,1.1,0.02,948.49,4.6025,0.1771,-0.0073,-0.1952,33.2,311,1924110,5204,No
12.87,706.11,14.4,-35.18,95.66,2151.39,0.44,49.12,946.37,4.679166667,0.3286,0.0454,-0.3709,37.77,95,1709346,63,No
28.66,2069.4,22.23,2.18,20.82,1700.4,4.5,57.62,982.09,4.679166667,0.238,0.0443,-0.2592,34.08,417,2090922,11815,Yes
11.59,167.94,4.37,41.14,116.22,2189.2,1.74,19.72,945.62,5.146666667,0.086,-0.0979,-0.1532,37.66,25,383461,5247,No
8.92,12.99,13.2,-35.39,142.3,2954.71,2.62,31.36,947.37,4.935,0.0829,0.0592,-0.1424,31.79,234,521173,1540,No
10.57,1098.86,14.63,45.02,104.25,2779.37,1.82,9.23,947.4,4.935,0.0671,0.0232,-0.0793,30.65,318,31564,13841,No
23.87,1682.48,21.45,26.72,26.94,980.68,7.93,70.71,1042.38,5.245833333,0.2438,0.0033,-0.2852,29.71,474,1245899,2868,Yes
19.21,2270.0,26.06,24.12,9.85,317.42,4.98,62.67,994.08,5.245833333,-0.0233,-0.1322,0.0458,29.14,15,2490656,2683,Yes
19.67,2536.18,26.34,-29.78,66.4,1101.08,6.4,53.43,1048.0,5.295833333,0.0397,0.108,-0.0528,31.02,747,2819086,3387,Yes
2.12,683.97,5.51,-37.59,96.67,3523.84,3.16,10.34,1051.24,5.2075,0.2785,0.0734,-0.3023,26.72,245,1734495,3555,No
17.32,2143.52,31.34,-0.95,48.29,979.14,7.95,55.51,972.32,4.6025,0.2847,0.13,-0.3301,30.78,9,1828730,10640,Yes
10.36,682.32,3.89,-38.74,124.55,2489.61,0.01,40.23,1058.43,5.249166667,0.2334,0.0627,-0.32,19.74,212,1241350,6703,No
28.28,1520.86,34.74,-26.39,38.71,54.79,7.32,80.59,1032.11,4.485,0.1305,0.1433,-0.2013,37.87,63,1311332,6578,Yes
5.17,1381.21,6.17,47.5,158.66,2238.34,1.42,10.03,1055.47,4.505833333,0.6055,-0.1817,-0.5601,24.56,584,1939869,4393,No
11.59,1130.07,2.93,-34.12,117.08,3444.67,3.35,3.12,940.68,4.964166667,-0.0408,-0.1497,0.0959,32.87,38,515812,0,No
6.74,418.94,15.87,42.21,162.45,2256.77,0.09,30.48,948.42,4.6025,0.0397,0.0852,-0.0574,31.59,512,1255104,4244,No
28.61,2650.33,32.88,1.73,58.06,1698.16,5.94,86.7,981.25,3.489166667,0.104,0.0284,-0.1133,22.46,219,2032036,4560,Yes
10.33,997.25,2.65,46.25,172.2,2762.74,3.49,3.86,1055.21,4.6575,0.1919,0.0438,-0.2245,27.9,8,708972,0,No
16.15,2937.68,37.09,-5.81,87.04,1653.89,6.39,99.13,964.54,4.6025,0.3204,0.0036,-0.3934,34.55,277,50484,562,Yes
28.0,1562.04,39.46,-7.47,55.61,272.07,4.2,86.54,1002.05,4.255,0.2842,-0.0172,-0.2473,21.82,116,5154296,10807,Yes
24.54,1765.04,34.99,16.34,27.58,9.13,5.21,88.19,1011.67,5.146666667,0.051,-0.2051,-0.0156,28.84,14,995746,2242,Yes
7.65,884.35,3.03,-36.97,113.56,2810.17,2.4,16.92,1053.63,5.249166667,0.0119,-0.0336,-0.0188,38.23,220,4053463,17658,No
22.68,2077.35,32.57,0.27,59.14,1054.26,4.21,77.43,1029.36,4.964166667,0.174,-0.0149,-0.1486,35.24,190,2032036,4560,Yes
6.29,1280.72,15.65,48.39,175.97,3432.07,2.58,40.04,1052.25,5.2525,0.8215,-0.3991,-0.7058,34.67,212,686133,3237,No
11.78,995.53,12.27,-34.09,130.16,3079.18,2.78,31.36,943.88,4.815833333,0.0657,0.0222,-0.049,30.91,441,4496694,185,No
27.12,1524.54,36.7,-27.44,13.52,6.48,7.55,74.51,1045.01,5.2525,0.1784,-0.5806,-0.1705,-3.54,3058,35320,6590,Yes
7.65,185.49,9.74,42.02,162.52,2871.87,3.06,18.86,1053.69,4.765833333,0.0944,0.1082,-0.1597,35.0,269,3564544,2905,No
26.69,1878.23,31.54,15.9,69.18,1101.16,5.32,68.09,1020.28,4.255,0.3225,-0.0123,-0.3597,40.34,564,242285,1984,Yes
21.4,2090.92,28.6,2.96,70.94,1637.31,6.34,53.28,1014.06,4.6575,0.0838,0.1743,-0.1328,24.04,63,3003741,10480,Yes
29.23,2781.87,29.24,-21.82,59.28,1803.97,7.27,97.37,1024.05,5.094166667,0.1218,0.1332,-0.1949,39.37,318,36842,1841,Yes
23.33,2122.79,38.84,-8.8,23.58,398.46,7.81,86.68,1020.75,4.765833333,0.0597,0.2462,-0.104,37.06,9,2586258,9661,Yes
26.85,2757.98,29.09,24.72,19.76,493.06,7.19,77.65,953.28,4.815833333,0.6891,-0.3169,-0.6467,18.92,277,4165626,7546,Yes
23.35,2802.54,30.6,-16.89,36.14,1723.33,5.67,69.23,1022.92,4.679166667,0.0771,0.0661,-0.1489,27.16,612,1074304,2317,Yes
16.43,2662.12,25.63,14.31,82.18,216.12,5.49,56.0,956.47,,0.1197,0.0679,-0.1353,38.03,230,5099371,3968,Yes
9.54,999.95,4.7,-34.92,174.51,3659.74,2.49,19.73,948.23,5.249166667,0.1484,-0.0358,-0.1655,38.23,47,1493984,7086,No
12.02,966.46,18.0,-34.62,133.45,3190.6,1.52,18.44,1051.83,4.899166667,0.0803,0.0963,-0.1152,36.59,228,2127086,3642,No
23.35,2706.03,37.45,32.24,22.29,1578.52,5.61,52.79,1049.85,4.255,0.3452,-0.016,-0.4033,40.26,335,4448359,4120,Yes
25.13,1842.24,20.64,-11.46,30.83,1979.75,5.6,91.38,997.04,5.04,0.116,0.0631,-0.194,29.59,309,3499171,4512,Yes
18.95,2807.53,33.6,17.97,17.01,1536.56,6.37,60.61,1024.66,4.485,0.0678,0.0821,-0.1362,38.46,280,1255104,4244,Yes
29.82,1748.83,26.42,-23.78,24.01,735.21,5.09,96.4,982.45,5.245833333,0.6205,-0.3046,-0.5757,6.03,3058,378230,2400,Yes
20.73,2344.23,33.35,11.83,32.54,1952.85,7.24,80.44,1011.29,5.2075,0.1283,0.0701,-0.1512,39.14,242,3282388,3063,Yes
26.4,2719.5,31.47,-9.63,15.91,263.14,7.76,51.03,1038.58,,0.4502,-0.0513,-0.4758,39.16,337,4887813,11391,Yes
7.27,567.7,10.07,46.83,156.72,2030.67,3.37,15.66,1057.01,4.730833333,0.292,0.0468,-0.3133,36.21,417,3239774,2981,No
1.86,1487.0,3.23,-33.33,168.26,3928.41,2.46,20.68,1051.2,3.489166667,0.0423,-0.0911,0.0278,29.95,474,3656539,443,No
17.25,2623.98,30.14,-1.18,1.81,1009.52,5.9,94.71,973.27,5.094166667,0.1007,0.13,-0.1651,30.63,553,704524,7470,Yes
9.44,554.37,10.5,-32.43,143.12,3251.1,1.54,9.87,946.66,4.505833333,-0.0052,-0.0284,0.025,35.15,508,956313,10434,No
29.25,1755.3,31.26,14.64,28.37,367.59,5.35,95.81,995.0,4.505833333,0.6764,-0.161,-0.6091,28.3,890,456113,709,Yes
16.25,1581.4,35.5,31.21,7.37,1350.26,6.41,77.41,991.84,4.16,0.1338,0.0388,-0.2075,32.32,14,1544338,7822,Yes
25.79,1686.67,20.96,-10.14,88.3,800.05,7.96,99.84,1023.21,4.815833333,0.2842,-0.0172,-0.2473,21.82,116,4174064,15152,Yes
25.84,1967.31,21.26,2.23,21.73,202.62,5.99,54.21,1046.38,4.485,0.7998,-0.1031,-0.7422,25.16,890,3872846,6227,Yes
6.71,1496.1,4.39,43.37,138.45,3587.81,0.01,38.18,945.62,5.146666667,0.1652,0.0859,-0.1784,29.83,69,482162,1923,No
15.18,2678.53,36.15,-3.52,5.59,1870.27,6.85,77.44,989.75,5.225833333,0.4888,-0.014,-0.4822,27.27,277,1890422,2360,Yes
4.51,723.2,4.4,42.18,101.53,3647.05,0.57,0.24,947.73,4.765833333,0.4659,-0.0898,-0.4298,30.5,95,4229917,11765,No
18.06,2283.32,27.08,32.48,55.39,86.21,7.73,68.83,974.77,3.489166667,0.2056,0.0783,-0.3117,31.55,445,2378458,10252,Yes
13.03,794.43,13.22,-35.38,162.63,2813.19,1.72,32.98,941.94,4.935,0.0654,-0.1151,-0.0129,23.45,20,3804558,11198,No
23.44,2489.15,30.34,-6.64,83.86,1956.15,4.75,96.08,1024.09,4.679166667,0.0324,0.051,-0.0307,33.81,119,1762375,8687,Yes
2.66,427.37,19.3,-37.11,100.18,2353.96,1.86,44.91,1051.48,5.249166667,0.5139,-0.1162,-0.5488,23.54,335,1750176,4745,No
23.89,2010.94,30.24,-21.85,59.22,1245.0,5.05,78.54,1029.59,4.815833333,0.0816,0.0086,-0.0957,33.91,15,1586625,3386,Yes
20.05,1503.79,26.53,10.6,23.52,381.64,7.84,85.69,954.03,4.255,0.0157,-0.1325,0.0406,31.99,269,2479052,5187,Yes
15.19,1763.56,36.49,12.2,31.52,186.74,7.24,73.96,951.99,4.6575,0.2836,0.0671,-0.3121,32.44,32,554519,4102,Yes
6.34,450.66,15.5,-31.4,149.87,3462.52,1.29,17.11,1052.28,,0.0628,0.1296,-0.1568,39.58,215,52074,39,No
9.51,1371.95,3.17,-33.32,161.77,2849.98,1.79,33.85,943.15,4.815833333,0.1129,0.1307,-0.193,26.39,399,1092256,2851,No
23.34,2912.67,37.84,33.88,59.3,1744.01,5.56,65.81,1003.61,3.489166667,0.0229,0.1455,-0.0541,34.96,134,613192,5791,Yes
11.62,806.2,17.44,45.01,163.63,2125.64,2.83,13.4,948.73,3.9775,0.0275,-0.1144,-0.0325,29.45,141,83448,7032,No
12.86,968.31,13.1,-36.78,121.58,3119.81,0.12,40.27,940.62,5.245833333,0.0861,0.1247,-0.16,35.52,242,928500,1585,No
4.43,1348.53,5.95,-33.11,165.94,3911.61,1.75,44.7,948.58,4.815833333,-0.0303,-0.2034,0.0898,27.01,14,2365106,6314,No
27.36,2083.35,31.25,-18.66,3.91,653.11,5.89,51.16,1046.27,3.489166667,0.1208,0.0705,-0.1382,21.24,125,83947,7422,Yes
28.5,2150.31,21.21,5.8,31.17,1713.98,6.88,87.1,967.59,5.249166667,0.4868,-0.1122,-0.4884,33.92,441,441162,3098,Yes
15.8,2522.61,32.89,-27.27,26.16,602.69,4.16,69.75,1014.74,,0.2443,0.0357,-0.257,29.36,618,612310,1282,Yes
20.21,1714.83,27.12,-9.29,62.24,49.55,4.94,55.57,978.33,4.6575,0.0411,0.1155,-0.0809,39.97,134,964655,1530,Yes
4.32,1342.23,7.64,43.51,175.29,2050.24,2.05,31.68,1059.22,4.815833333,0.1157,0.1,-0.1995,41.76,588,2001762,1788,No
18.72,1878.24,38.52,17.58,89.33,1788.99,6.55,80.53,974.63,5.2525,0.1354,0.0214,-0.1549,34.59,15,560440,1086,Yes
10.93,1344.2,2.39,-38.58,137.49,2443.45,2.79,43.95,945.45,5.249166667,0.0271,0.108,-0.0683,37.09,63,1544338,7822,No
26.87,2744.46,38.7,-4.53,86.74,393.95,4.08,90.16,1015.8,4.505833333,0.0972,-0.2226,-0.0059,30.47,32,1339101,4233,Yes
0.85,1257.0,12.14,-37.06,144.75,3241.74,0.77,19.81,1051.05,4.815833333,0.1859,0.1328,-0.241,22.66,125,1648115,1282,No
19.61,2692.63,31.96,4.46,73.25,1785.52,5.76,56.7,1005.27,,-0.0408,-0.1497,0.0959,32.87,38,1177361,3582,Yes
22.6,1560.66,20.9,8.51,62.23,893.26,5.26,78.62,981.37,4.765833333,0.2954,-0.0228,-0.3557,36.18,74,3797117,4436,Yes
0.61,842.62,5.76,47.22,122.63,3770.3,2.29,32.95,1057.94,5.2525,0.3406,0.0234,-0.3905,28.14,305,687861,6606,No
2.27,848.97,8.67,48.06,172.1,3494.77,3.46,44.23,948.83,5.04,0.076,0.0878,-0.1307,30.79,309,1335551,4498,No
18.41,1681.41,22.37,5.3,62.98,854.87,6.29,81.37,1030.56,4.505833333,0.1258,0.0641,-0.1971,28.78,14,1127033,4851,Yes
23.3,1656.65,28.19,-26.1,75.36,1147.24,4.6,52.57,963.23,4.730833333,0.1992,0.0022,-0.2288,32.61,12,2390776,5231,Yes
8.48,896.87,13.45,-38.21,93.35,2750.89,1.66,10.78,946.51,5.146666667,0.0997,0.1534,-0.1097,27.72,63,2463289,5211,No
10.93,1324.69,17.05,-31.27,103.89,2246.63,1.62,30.12,1056.27,5.094166667,0.1572,-0.1491,-0.0792,22.63,12,656246,349,No
22.53,1974.71,33.09,-21.32,38.92,1661.12,7.02,80.63,1038.17,4.679166667,0.3298,-0.0975,-0.3478,27.5,924,577817,4325,Yes
27.86,2630.29,28.39,16.84,72.97,1643.43,4.12,71.82,1029.44,3.9775,0.3891,-0.0127,-0.4373,28.17,305,2251673,2813,Yes
0.17,565.81,17.27,-32.62,142.1,2010.51,1.92,19.65,942.29,4.505833333,0.0861,0.1372,-0.1103,37.86,269,1726601,3420,No
6.57,789.4,18.71,46.26,135.41,3361.35,1.38,26.28,1059.04,4.679166667,0.1487,-0.0139,-0.1889,18.7,190,958405,1834,No
18.86,1792.59,29.09,-20.07,8.02,605.33,6.37,68.24,1046.63,5.225833333,0.1867,-0.0579,-0.1615,28.97,32,1889752,6552,Yes
11.9,1079.31,8.33,44.57,163.98,2358.91,0.19,26.84,946.29,4.935,0.0868,-0.023,-0.0818,19.21,78,2632733,4152,No
1.83,934.25,5.75,49.24,124.77,3766.8,1.99,32.17,945.1,5.245833333,0.5242,-0.0875,-0.5482,35.08,181,1025213,5360,No
9.19,105.19,13.88,-35.61,155.55,2841.5,2.02,25.19,1051.66,3.489166667,0.0423,0.0025,-0.0687,42.77,25,2566326,10954,No
7.41,1313.59,0.35,-35.03,179.23,3423.94,1.59,46.38,942.59,,0.7705,-0.3087,-0.6899,32.28,37,2543243,130,No
22.13,2375.84,36.34,5.71,31.31,390.28,7.84,84.18,1049.45,5.421666667,0.3552,-0.0252,-0.3493,27.19,95,214102,4888,Yes
12.86,1086.48,17.37,41.38,151.9,2546.3,1.19,3.04,1059.34,4.679166667,0.4546,-0.1653,-0.3865,24.91,147,259648,1766,No
19.78,2458.8,26.24,13.95,42.03,734.45,7.17,96.58,1003.91,4.4525,0.1576,0.1406,-0.2629,17.17,219,238142,2672,Yes
6.0,1286.18,0.28,-36.01,103.96,2682.25,2.97,23.99,946.81,5.094166667,0.1581,0.1043,-0.1608,11.27,12,644758,4076,No
0.21,1130.47,19.07,-39.11,153.25,2724.03,1.71,46.58,941.6,4.765833333,0.3287,0.0278,-0.3111,23.04,227,2160119,14184,No
26.47,1685.84,20.28,15.06,77.47,905.94,6.61,95.23,969.97,4.9925,0.2078,-0.0804,-0.1556,32.69,243,1599596,1779,Yes
8.17,300.42,8.65,44.25,91.64,3574.64,2.97,28.48,1053.55,5.295833333,0.0004,-0.0959,0.0363,30.51,584,4517398,8727,No
3.85,1253.53,6.61,42.83,151.55,2175.93,0.03,34.61,1057.67,3.9775,0.2255,-0.0329,-0.2552,29.23,554,2228935,7502,No
8.56,1159.4,3.84,46.63,116.89,3580.75,0.29,2.98,1051.57,4.4525,0.0799,0.1434,-0.1336,28.33,508,2390776,5231,No
4.23,1269.92,11.77,-31.01,146.79,3933.4,0.12,6.55,1060.0,4.679166667,0.5183,-0.1173,-0.5132,29.63,337,392232,345,No
16.17,1758.05,32.04,36.28,0.78,1417.47,7.49,75.16,998.99,5.249166667,0.045,0.1402,-0.0792,34.41,12,144182,3313,Yes
0.37,968.74,11.23,-35.71,177.95,3125.1,3.25,21.02,945.27,5.421666667,0.4893,-0.1125,-0.4614,21.17,315,318898,904,No
3.64,988.17,5.09,48.16,96.42,3921.49,0.47,25.65,943.64,4.899166667,0.2682,-0.0302,-0.2308,30.84,21,266215,312,No
0.66,1356.8,6.55,-36.78,179.83,3981.94,3.32,32.99,945.5,4.505833333,0.2053,0.0819,-0.2458,30.76,12,1510075,5739,No
27.2,2146.03,20.58,-5.11,47.85,1520.76,5.19,53.64,983.9,4.7975,0.1675,0.078,-0.231,35.81,14,1445166,5048,Yes
26.93,2724.64,20.68,13.33,4.72,641.6,7.14,65.49,954.12,4.16,0.1581,0.0344,-0.2274,43.14,251,1388525,3353,Yes
11.85,134.49,0.01,-32.47,167.89,2734.83,1.17,35.38,941.42,5.2075,0.1037,0.2031,-0.1221,31.95,512,1951014,5217,No
16.67,1752.31,37.46,-0.57,78.84,612.59,7.56,79.49,1008.35,4.935,0.0495,0.0924,-0.0909,29.64,747,2470996,2341,Yes
17.5,2977.98,23.43,24.12,70.62,648.41,5.69,85.57,1013.4,4.6025,0.054,-0.1115,-0.0221,29.07,25,1222755,6992,Yes
16.94,2206.66,23.24,-29.45,46.2,1382.87,7.92,63.89,999.51,4.7975,0.0607,0.2172,-0.0982,32.62,0,1655169,3625,Yes
13.59,620.35,16.34,-32.78,111.93,2248.13,0.2,3.86,1059.63,5.146666667,0.0316,0.087,-0.0782,36.17,399,1379131,8758,No
16.12,2840.49,26.66,31.59,58.08,1516.97,5.35,72.53,967.28,5.3225,-0.0167,0.1731,-0.0073,31.25,508,2731929,247,Yes
15.51,2145.28,20.63,-25.81,5.74,870.08,5.12,56.61,1037.79,4.6575,0.1744,0.0214,-0.1571,21.04,90,985417,0,Yes
6.85,19.94,9.2,-31.64,114.49,3597.19,2.48,42.63,1058.16,4.679166667,0.0178,-0.201,-0.0014,35.11,25,5167600,3927,No
22.84,1845.72,37.49,-17.26,25.66,1620.73,4.39,99.06,1012.66,5.245833333,0.3307,-0.0209,-0.3327,32.34,554,1599596,1779,Yes
13.51,604.97,1.59,47.28,92.23,2883.19,1.28,46.18,1058.69,4.6575,0.6429,-0.1906,-0.604,27.8,584,1597668,4823,No
2.24,1450.46,6.58,43.66,120.45,2709.89,3.47,39.77,941.67,5.3225,0.4472,-0.0901,-0.4732,39.53,245,250260,1786,No
10.93,986.14,16.96,-37.92,122.75,2635.18,0.96,42.97,1056.91,4.935,0.7135,-0.3327,-0.6737,36.17,584,950075,2457,No
3.42,738.51,14.0,45.76,145.38,3968.12,2.66,5.44,1057.89,4.679166667,0.2381,0.0779,-0.2651,34.09,12,686133,3237,No
3.34,838.06,8.91,-31.5,115.63,2606.55,1.18,9.06,942.16,5.421666667,0.3398,-0.1255,-0.3541,24.58,318,807037,0,No
5.43,661.89,17.68,-38.46,105.89,2749.82,2.7,4.85,946.25,5.225833333,0.0708,-0.1072,-0.0309,30.19,318,533638,8298,No
22.24,2269.94,28.07,-24.89,52.43,660.38,5.66,75.03,996.79,4.7975,0.0715,0.2426,-0.0872,36.62,9,658917,6604,Yes
20.36,1757.8,38.33,-28.61,6.04,954.47,6.25,91.75,1038.35,,0.4124,-0.0905,-0.3698,33.41,564,1974551,2206,Yes
27.39,1603.23,30.73,19.52,29.8,140.71,4.88,50.15,1002.65,4.765833333,0.7848,-0.1942,-0.6669,21.11,1406,4143512,4008,Yes
23.91,2416.45,39.9,24.26,78.92,274.96,5.08,53.06,983.32,5.094166667,0.0711,-0.1152,-0.1431,36.12,25,1743931,3983,Yes
29.48,2252.77,21.5,-23.18,80.93,1814.67,7.83,70.02,1003.74,4.9925,0.0492,-0.0906,0.1208,30.37,41,2490656,2683,Yes
24.38,1578.23,22.41,-19.75,69.1,336.62,5.59,98.02,1035.59,4.6025,0.748,-0.061,-0.7063,18.02,890,644758,4076,Yes
23.85,2942.99,33.48,-3.53,38.43,1162.02,4.74,63.38,1010.9,4.899166667,0.119,-0.0292,-0.1053,25.07,219,1455069,4861,Yes
23.01,2888.15,30.39,-22.85,48.39,1753.93,4.6,59.23,968.08,5.2075,0.2903,0.0682,-0.3367,34.72,90,1389920,5570,Yes
2.28,1405.89,11.19,47.56,152.79,3982.42,1.23,13.81,1056.64,4.935,0.1363,0.0735,-0.1698,31.37,69,483439,7090,No
8.89,1013.71,5.85,-38.33,120.32,3286.86,1.88,42.59,1059.77,,0.1868,-0.0387,-0.2249,20.02,190,1942288,4241,No
16.65,2939.53,28.35,26.05,62.59,1868.94,5.06,62.44,1005.66,3.9775,0.2156,-0.043,-0.1934,24.67,349,1241350,6703,Yes
14.01,1138.86,16.31,44.46,121.64,3812.67,0.13,48.96,947.62,5.2525,0.3336,-0.0709,-0.3307,27.93,554,3502404,4545,No
14.06,692.44,9.37,-35.99,155.77,3881.03,0.57,7.37,944.65,4.6025,0.3701,-0.0422,-0.3898,34.93,243,1367765,1419,No
1.3,488.55,7.94,-32.8,92.18,2895.82,2.86,25.7,948.35,5.245833333,0.5284,-0.164,-0.4361,16.75,3058,2772348,13582,No
24.51,2120.09,38.63,25.86,52.63,357.98,4.85,53.88,1007.0,4.5775,0.3732,-0.0875,-0.4227,28.55,441,1307375,1989,Yes
21.5,1770.08,31.61,-15.63,26.26,1627.75,7.5,76.27,1013.72,4.255,0.1499,-0.0231,-0.249,20.18,78,2032036,4560,Yes
28.23,2352.0,31.23,-9.28,19.61,1164.99,5.83,81.05,1019.53,4.485,-0.0105,0.1483,-0.0157,34.63,63,1870374,1684,Yes
0.12,402.48,8.06,42.39,108.08,3054.21,0.09,45.26,944.63,4.935,0.1452,0.3044,-0.3284,32.73,141,133487,45110,No
21.71,2091.71,38.46,19.17,33.61,892.8,6.49,81.31,973.75,4.255,0.1203,0.0629,-0.1782,33.14,309,901896,2593,Yes
26.2,1894.29,31.23,5.24,12.15,1239.24,5.87,94.28,985.25,5.421666667,0.1304,0.03,-0.129,31.69,474,1512681,6195,Yes
28.71,2789.17,29.48,-22.37,74.3,1834.86,4.73,57.07,1016.49,5.225833333,0.1902,0.1033,-0.2732,36.64,305,2050862,7195,Yes
5.78,105.17,13.4,-37.55,118.46,3893.88,1.95,26.02,1058.61,4.6575,0.2358,-0.0592,-0.2673,29.03,74,2292958,421,No
16.95,1603.27,22.92,-21.61,20.02,1818.56,4.84,98.38,960.52,4.5775,0.1061,0.1013,-0.1452,31.28,280,2479052,5187,Yes
7.7,486.44,1.34,-37.08,168.58,2430.13,0.34,46.17,945.29,5.225833333,0.2087,0.044,-0.2284,26.87,119,3276697,3898,No
10.98,1122.75,7.8,-37.82,147.79,2109.17,1.22,13.25,948.54,5.2075,0.2427,-0.0172,-0.2681,33.08,52,1220946,5291,No
2.85,678.04,14.71,-35.77,177.16,2491.9,2.04,2.64,948.85,4.964166667,0.3541,-0.0281,-0.3904,37.49,441,1690400,1884,No
8.83,162.02,17.14,-38.26,129.83,2810.99,2.98,12.51,1055.08,4.5775,0.8485,-0.205,-0.7535,29.65,133,956313,10434,No
21.13,1878.97,34.81,1.92,72.28,299.33,5.47,51.85,1028.31,4.730833333,0.7086,-0.2625,-0.6361,32.55,37,2405890,3411,Yes
28.73,2471.49,24.25,11.7,44.58,1135.74,5.51,73.81,995.9,5.146666667,0.2421,-0.0534,-0.1998,35.1,305,3466382,3689,Yes
12.81,18.56,10.23,47.48,114.99,3807.84,0.73,49.07,1059.66,4.6575,0.0729,0.1175,-0.2041,37.08,285,1774692,9656,No
25.93,2789.27,30.24,0.78,1.94,361.48,5.08,98.69,1006.77,5.245833333,0.2742,0.0637,-0.4079,35.31,184,1025213,5360,Yes
23.26,2061.82,23.56,13.14,41.64,1438.8,4.0,95.87,955.27,4.6575,0.1686,-0.0586,-0.1604,29.21,34,1241519,6390,Yes
17.28,2439.41,31.79,12.17,63.53,1846.66,4.33,99.75,1047.21,4.6575,0.0601,0.0141,-0.1138,31.0,6,274143,4570,Yes
24.54,2578.71,30.61,-5.19,85.08,1560.53,4.42,63.11,978.87,4.899166667,0.6494,-0.2005,-0.5953,20.9,337,3068420,11724,Yes
12.34,1083.08,2.24,44.72,161.92,3552.15,0.39,38.88,1055.93,5.245833333,0.1635,0.0368,-0.1707,34.09,445,1458875,7371,No
27.49,2685.07,36.5,-21.15,83.08,1263.93,4.92,62.22,1034.55,4.815833333,0.2553,-0.1093,-0.1826,26.79,618,1389920,5570,Yes
11.67,1123.3,15.92,41.27,93.13,2765.35,2.37,30.98,942.74,4.4525,0.1893,-0.0317,-0.1662,34.04,349,1510075,5739,No
2.93,1108.9,1.96,-38.87,100.28,2649.18,0.71,21.24,945.7,5.094166667,0.0839,-0.0179,-0.1444,21.17,234,1618416,0,No
8.85,838.69,9.66,-31.61,125.58,2370.43,1.2,16.41,946.87,5.2525,0.2196,0.0541,-0.319,35.62,184,2959918,3881,No
7.57,651.75,14.53,45.41,126.29,3120.98,2.44,22.73,940.87,4.935,0.2128,-0.0484,-0.2147,32.74,74,1178273,5675,No
4.32,250.32,2.04,47.75,161.76,3604.1,2.22,45.22,944.12,4.815833333,0.3376,-0.0593,-0.3815,34.42,924,1796184,3021,No
3.12,948.52,9.22,-34.67,147.45,3130.39,1.39,8.36,940.09,4.16,-0.0094,-0.1162,0.0336,16.72,3058,392232,345,No
6.04,158.91,5.24,-31.32,108.03,3579.67,1.18,33.65,1054.49,4.730833333,0.1055,0.1159,-0.1999,32.94,180,1703005,4459,No
2.96,657.51,14.71,-37.31,168.17,3263.68,1.71,18.15,944.19,,0.6002,-0.16,-0.5876,25.21,335,476835,1674,No
0.66,792.59,6.6,44.5,154.37,3527.03,1.33,46.3,1058.66,,0.6804,-0.2356,-0.6201,30.62,37,3121200,3027,No
15.28,2823.44,30.9,11.56,24.9,578.52,6.65,55.93,1024.75,5.245833333,0.5554,-0.1522,-0.5255,39.14,41,2548462,5066,Yes
16.58,1814.63,33.02,28.93,36.95,398.88,4.96,96.82,959.55,4.255,0.0394,0.0842,-0.0676,41.05,134,5099371,3968,Yes
11.43,1471.67,9.29,42.38,171.39,2557.16,3.16,9.72,947.21,5.225833333,0.592,-0.1288,-0.56,26.0,383,6081322,4549,No
28.12,2176.24,39.69,23.68,35.55,1566.77,5.44,61.42,955.06,4.679166667,0.2245,0.2049,-0.1661,31.77,10,7717563,7024,Yes
9.97,936.77,12.72,46.73,92.48,2997.17,0.5,2.1,1054.9,5.2525,0.4094,-0.047,-0.4384,33.24,349,64937,1421,No
28.05,2793.11,37.5,28.04,44.52,1885.95,7.75,66.24,979.8,5.245833333,0.6435,-0.2457,-0.5589,30.03,37,831668,2012,Yes
8.93,744.6,6.33,46.18,176.36,2311.29,0.92,34.02,1051.38,5.245833333,0.3203,0.0181,-0.32,31.56,90,1343734,5792,No
25.43,2452.81,33.35,22.46,26.33,1535.49,6.58,90.36,1039.32,4.815833333,0.1933,0.0475,-0.229,31.98,84,2320529,3806,Yes
24.74,2356.46,23.03,-6.64,63.84,634.46,4.26,68.7,1022.25,4.935,0.6453,-0.0492,-0.64,19.77,1406,1847023,4260,Yes
7.92,548.08,17.46,-33.28,168.45,2751.43,0.39,19.33,940.68,5.3225,0.4989,-0.0115,-0.5521,37.23,337,3209141,3717,No
20.4,2890.52,24.27,9.76,16.9,1888.63,6.77,51.95,1037.25,4.6575,0.1577,0.121,-0.2202,27.94,399,230696,1644,Yes
13.48,1351.77,12.24,42.07,130.24,3078.87,0.86,35.08,943.21,4.485,0.1016,0.0454,-0.1969,38.34,399,1510075,5739,No
23.32,2752.79,38.94,22.49,86.51,1390.5,7.43,78.51,1038.32,4.5775,0.3423,-0.1144,-0.3402,30.12,445,4229917,11765,Yes
14.35,18.11,0.53,47.85,153.02,3977.26,2.06,37.67,1059.94,4.815833333,0.7156,-0.2869,-0.6986,39.34,584,3006538,4388,No
26.78,1620.74,32.98,6.69,3.86,1667.36,6.16,99.38,1048.01,5.421666667,0.1348,-0.0262,-0.0728,25.31,116,2583052,8481,Yes
5.33,566.81,17.81,48.65,162.11,2357.07,0.78,0.6,942.94,3.489166667,0.3396,-0.0547,-0.3136,15.34,383,391605,8030,No
27.1,1658.8,37.11,-0.96,29.01,1653.95,7.83,61.36,976.65,5.225833333,0.3203,0.0627,-0.3854,22.47,212,900332,1594,Yes
26.91,2889.73,39.76,-4.86,85.63,43.26,5.95,53.21,976.14,3.9775,0.1778,0.0462,-0.1839,31.79,119,2498156,2407,Yes
9.71,1450.18,1.94,-37.1,126.35,2186.91,1.06,24.58,943.35,5.245833333,0.6602,-0.2303,-0.6316,14.43,3058,1626384,3332,No
27.58,2795.75,38.82,5.89,59.13,1718.26,4.22,92.52,1033.72,4.173333333,0.1836,0.0181,-0.1765,36.36,69,1119627,2414,Yes
24.73,2016.62,27.06,-27.7,89.94,444.48,6.39,58.02,958.14,5.295833333,0.5103,0.0477,-0.4831,29.08,147,927140,0,Yes
6.35,204.07,3.5,-38.59,120.18,2697.44,2.45,9.05,947.57,4.485,0.3603,-0.0629,-0.3347,36.03,32,191173,72,No
22.0,2059.65,39.19,-29.41,69.38,544.75,4.3,91.77,1020.16,5.094166667,0.115,0.0907,-0.2154,38.78,508,1969168,10978,Yes
12.03,1042.38,10.63,46.81,159.58,2663.26,0.89,39.03,1053.88,4.9925,0.0617,0.0679,-0.1198,38.98,134,140757,1255,No
8.57,634.65,10.06,49.23,100.21,3306.26,0.05,11.75,940.38,4.505833333,0.2553,-0.1093,-0.1826,26.79,618,1492073,2477,No
8.94,364.97,11.47,41.21,99.95,2066.24,0.87,38.68,940.67,3.489166667,-0.0859,-0.4331,0.0831,20.2,205,1506337,2505,No
15.79,2398.77,36.96,-21.39,72.53,985.12,7.59,86.24,1020.62,4.964166667,0.4565,0.1639,-0.4501,28.69,147,659296,1327,Yes
21.5,2893.53,25.77,6.5,9.24,398.93,5.09,58.01,972.76,5.2525,0.1037,0.0934,-0.1554,35.29,1595,2344474,6539,Yes
12.27,1350.11,18.84,41.35,130.53,2168.22,2.32,36.48,947.67,,0.334,0.0765,-0.4245,24.58,277,1597668,4823,No
16.45,2259.27,39.73,13.56,28.02,1666.52,5.71,66.17,955.79,5.249166667,0.3661,0.0082,-0.4006,25.3,90,1401639,0,Yes
21.03,2522.88,25.11,22.19,25.32,522.41,7.38,71.52,952.95,4.765833333,0.0549,0.0464,-0.1166,18.58,612,1656616,2093,Yes
26.03,2581.39,39.47,-11.83,34.8,1836.77,4.75,99.0,1015.52,4.6575,0.089,0.1384,-0.1183,27.4,57,867848,4449,Yes
8.23,1468.65,5.35,45.81,152.34,3053.94,2.52,33.59,1057.25,5.146666667,0.332,-0.0945,-0.3499,20.09,95,610382,3852,No
5.34,423.18,15.26,45.05,109.79,3322.45,0.54,46.15,947.89,5.2525,0.4052,-0.0513,-0.3685,31.13,13,1756268,10423,No
16.93,2832.88,26.44,15.2,19.71,43.0,4.79,85.19,990.88,5.295833333,0.0785,0.0614,-0.182,36.91,508,3656539,443,Yes
10.8,1469.52,5.13,-31.24,96.94,2142.86,0.07,28.66,1057.3,5.421666667,0.1157,0.1,-0.1995,41.76,588,381956,1167,No
8.31,947.87,7.78,46.53,92.96,3220.95,1.44,2.01,941.0,5.04,0.0857,0.05,-0.0603,33.15,474,950075,2457,No
14.16,363.25,11.31,-39.32,144.58,2630.18,3.03,3.53,1055.36,5.249166667,0.4084,0.0226,-0.4199,26.16,227,2092371,45674,No
13.71,697.09,9.71,-39.44,143.26,2353.77,2.67,28.91,1057.22,5.225833333,0.0803,0.0656,-0.1208,39.82,251,3935042,5228,No
12.09,193.55,3.79,-34.32,174.61,3424.75,1.67,14.11,947.45,5.245833333,0.1117,0.0056,-0.1877,35.75,234,35320,6590,No
3.75,1049.11,15.36,44.71,129.7,2734.97,2.94,29.65,1054.25,5.04,0.1134,0.0265,-0.1346,32.37,285,11060148,9558,No
23.14,2426.73,26.98,37.37,80.58,1995.79,5.86,68.26,991.69,5.2525,0.3942,-0.2428,-0.3429,32.44,337,1222755,6992,Yes
18.6,2488.4,37.71,23.17,65.86,201.59,5.94,65.71,1046.84,5.421666667,0.3691,-0.0082,-0.3665,36.33,245,1136971,1668,Yes
11.04,151.43,2.3,-32.09,162.95,3683.39,2.72,13.77,1052.34,4.899166667,0.116,-0.1161,-0.0803,29.73,383,43709,4226,No
23.78,2776.37,36.24,13.04,84.9,1985.88,6.98,65.08,966.49,3.489166667,0.1443,0.0388,-0.2365,35.66,219,2548462,5066,Yes
11.54,1177.71,17.6,44.25,128.04,2847.5,2.07,9.94,948.78,5.245833333,0.154,0.0434,-0.1456,30.67,34,1924110,5204,No
14.33,349.88,3.93,49.89,134.57,2542.05,3.07,41.76,944.71,4.765833333,-0.062,-0.0314,0.0951,32.87,309,991730,3216,No
11.83,914.94,6.26,-33.08,163.75,3087.14,2.35,45.48,940.89,3.489166667,0.1969,0.0474,-0.2226,33.75,311,700843,638,No
29.63,2795.53,28.49,-3.3,53.96,583.0,4.61,94.53,999.57,4.485,0.0776,0.1805,-0.1938,39.76,553,267988,1463,Yes
20.66,2053.64,24.47,19.2,46.01,1957.62,5.79,80.43,1004.41,5.2525,0.0449,0.1412,-0.19,40.44,553,2823768,3973,Yes
0.59,1186.93,4.8,-34.74,122.27,3822.08,1.6,40.47,1055.88,5.249166667,0.8664,-0.3265,-0.757,33.27,133,36842,1841,No
3.28,1312.82,7.24,47.59,167.57,3174.32,0.06,39.89,944.5,4.6025,0.3723,-0.1056,-0.3333,28.4,27,957423,1551,No
11.0,1329.73,18.77,-39.31,157.92,3272.56,1.92,15.72,1052.13,4.6575,0.0325,-0.0941,-0.0069,33.27,747,3433919,4003,No
0.46,216.19,18.1,-31.1,124.68,3680.52,2.72,32.39,947.84,4.899166667,0.1341,0.0145,-0.2187,37.13,230,1437169,10277,No
22.78,2093.28,29.2,-27.8,36.01,1651.16,6.19,56.51,991.1,5.225833333,0.3527,-0.1025,-0.3681,37.68,52,577817,4325,Yes
26.57,2826.13,39.9,23.13,19.81,767.29,4.28,82.04,978.62,4.485,0.0359,0.038,-0.0966,31.85,612,1965970,4989,Yes
18.8,2172.88,39.66,19.39,56.88,1187.23,4.23,53.65,984.41,4.815833333,0.5164,-0.0649,-0.5388,36.82,337,826067,4256,Yes
7.44,830.18,5.63,-39.5,116.13,3856.85,0.2,44.14,1058.28,4.5775,0.1922,-0.0925,-0.227,20.44,224,3458873,7194,No
3.52,1382.4,2.34,-39.31,163.25,2528.62,0.01,13.46,1055.55,5.3225,0.1576,0.1406,-0.2629,17.17,219,791042,1811,No
22.84,2559.87,36.69,13.05,58.48,540.14,6.65,88.27,1015.02,4.765833333,0.2689,-0.0459,-0.328,36.34,318,1307375,1989,Yes
28.29,1620.97,24.45,0.44,50.21,774.25,6.91,58.49,1030.58,5.04,0.1786,-0.1273,-0.1631,31.42,383,3121200,3027,Yes
27.56,1738.04,22.41,-3.29,81.63,1592.92,6.09,85.07,952.4,4.815833333,0.6273,-0.2714,-0.5626,24.37,315,7103807,5324,Yes
28.96,2087.46,24.25,4.58,69.47,883.53,7.44,70.93,976.67,4.679166667,0.1343,0.1043,-0.2638,36.25,9,3007134,3140,Yes
16.8,1746.26,20.22,-28.5,55.69,1560.76,7.27,55.16,991.97,5.225833333,0.2348,-0.0153,-0.2592,22.47,211,1648115,1282,Yes
5.61,1288.51,13.54,-38.95,99.29,2477.57,1.49,13.48,1054.65,5.04,0.1247,-0.0399,-0.1295,25.98,219,476835,1674,No
11.58,99.12,16.71,42.0,136.68,2230.0,0.58,7.34,943.96,4.173333333,0.572,-0.1217,-0.5209,30.04,13,1192811,4452,No
3.38,58.0,17.11,-31.32,112.24,2118.97,1.69,44.17,947.59,5.146666667,0.0746,0.0394,-0.1574,39.21,25,2583052,8481,No
4.29,1461.27,2.53,-37.29,121.79,3711.44,1.87,7.7,945.19,4.6025,0.0913,0.0363,-0.0779,31.67,305,610183,2337,No
6.55,417.33,15.44,46.15,149.59,3640.75,2.13,12.71,1055.71,5.146666667,0.0811,0.1813,-0.1674,30.59,553,3564544,2905,No
8.01,1472.75,4.3,41.14,172.98,2548.7,1.94,12.26,948.49,4.7975,0.0911,0.083,-0.1652,36.21,115,54080,3900,No
19.31,2897.65,25.76,-11.06,79.1,1846.21,4.18,64.27,1000.8,4.935,0.4732,-0.2717,-0.4064,24.73,37,749237,3747,Yes
13.24,1011.7,17.97,42.85,128.19,3199.64,1.24,41.15,940.78,4.815833333,0.2682,-0.0302,-0.2308,30.84,21,381956,1167,No
4.22,372.89,0.04,-32.92,106.75,2705.26,3.04,16.43,944.52,5.249166667,0.015,0.0635,-0.0013,36.36,12,1066888,3502,No
27.97,2000.35,29.87,-4.73,23.17,1058.52,4.07,74.15,970.48,4.4525,0.0688,-0.0091,-0.1618,39.85,25,1998603,5024,Yes
3.65,821.56,16.35,44.4,159.7,3646.07,0.2,13.94,1054.5,5.04,0.1956,-0.0472,-0.223,17.15,311,6081322,4549,No
26.25,1618.92,33.25,27.9,30.75,263.82,4.08,50.76,1043.04,4.815833333,0.598,-0.1539,-0.5943,24.0,441,274143,4570,Yes
4.25,1357.74,6.41,-32.49,126.5,3774.05,2.12,24.41,946.99,4.5775,-0.0164,-0.0194,0.0455,26.89,52,3361292,10528,No
2.19,1423.37,15.62,41.6,97.82,3297.4,2.22,24.04,1056.5,4.765833333,0.0072,-0.2464,0.0243,25.06,1406,146850,750,No
26.83,2428.03,22.92,21.23,78.06,1840.3,5.08,95.27,987.23,5.225833333,0.1855,-0.0179,-0.2405,37.31,224,748941,7161,Yes
28.18,2311.12,30.07,38.83,9.22,751.93,5.53,95.34,1001.32,4.6575,0.3567,-0.1303,-0.289,31.04,27,83955,1382,Yes
5.9,1341.94,18.01,45.28,114.99,2951.99,0.44,17.59,941.47,4.935,0.0715,-0.1316,-0.0602,28.35,32,4801062,3172,No
5.38,1238.44,7.53,49.85,129.08,2827.74,0.55,11.67,1058.31,5.2525,0.4397,-0.0817,-0.4107,34.8,90,343709,491,No
1.06,1312.26,17.4,-37.68,113.38,2928.19,2.27,19.77,1051.57,5.295833333,0.0896,0.2549,-0.1533,36.18,0,1945497,5924,No
10.85,279.55,7.83,-35.56,152.44,3481.71,1.29,26.05,946.77,4.5775,0.166,0.0714,-0.2453,38.94,14,56574,1399,No
15.26,2860.08,33.45,14.92,48.49,1830.11,5.17,75.68,998.44,3.9775,0.1632,0.0715,-0.2287,30.52,251,2335819,2367,Yes
8.12,1334.37,6.57,-33.81,161.11,2776.48,2.24,15.98,947.87,4.485,0.1466,0.0833,-0.1677,23.63,119,476835,1674,No
22.19,2872.96,34.26,1.59,86.9,1470.79,7.42,56.23,989.85,4.4525,0.2395,-0.0719,-0.1992,29.4,305,644758,4076,Yes
27.64,1799.02,25.59,15.39,31.77,541.84,5.61,97.88,959.97,5.2075,0.7077,-0.2478,-0.6318,32.32,37,1924110,5204,Yes
21.27,2858.02,36.11,-17.42,3.65,1655.9,5.63,57.89,993.06,4.935,0.0089,-0.0476,-0.0096,18.16,234,900332,1594,Yes
20.41,2314.85,20.62,18.25,29.61,1020.59,4.33,92.7,953.12,4.4525,0.2318,-0.0112,-0.257,32.84,38,4391418,4976,Yes
16.33,2350.71,26.46,14.54,39.93,667.88,4.75,80.21,974.92,5.3225,0.2044,-0.0187,-0.227,36.91,211,2177331,10498,Yes
17.23,1692.12,26.07,21.15,29.0,223.03,6.86,73.67,989.73,4.4525,0.1652,0.0859,-0.1784,29.83,69,640537,1966,Yes
6.04,470.59,12.14,44.68,116.71,2645.13,3.12,4.65,1058.6,4.4525,0.0396,-0.1816,0.0039,30.45,315,1074304,2317,No
26.15,1977.39,26.22,13.02,3.7,1423.6,6.57,69.57,1035.51,4.679166667,0.14,0.1457,-0.1694,30.4,0,3498739,3578,Yes
24.08,2368.42,31.67,15.82,71.1,1341.21,7.55,80.1,974.73,4.6025,0.336,0.107,-0.4252,17.69,943,1137961,7202,Yes
27.54,2984.25,37.41,22.06,54.94,1897.23,6.11,64.08,972.36,4.4525,0.3376,-0.0563,-0.3944,20.55,277,2632733,4152,Yes
11.08,664.83,16.89,47.93,150.42,3849.72,0.24,13.37,947.91,4.679166667,0.0303,0.1009,-0.121,32.42,553,815168,1633,No
5.65,333.15,7.8,-37.86,121.04,2358.67,2.0,49.28,1058.27,4.730833333,0.0792,0.1201,-0.1262,33.7,747,83030,3508,No
10.51,1286.26,14.96,-31.98,142.03,3505.36,0.98,31.84,1054.4,4.5775,0.3006,-0.0667,-0.3602,39.42,243,799781,4084,No
9.43,1412.66,7.3,-35.17,144.2,2005.19,1.46,48.01,946.44,5.3225,0.2257,0.033,-0.2068,34.05,305,622506,3144,No
29.52,2272.91,22.94,-18.29,69.06,1855.19,7.71,68.49,1018.74,4.730833333,0.0176,0.1496,-0.0291,27.74,57,1221592,5039,Yes
17.21,1998.7,26.69,37.27,57.73,1570.68,5.87,64.88,957.43,5.2525,0.0274,-0.0329,-0.0347,21.44,230,845071,4674,Yes
8.12,1310.37,7.02,-34.17,179.16,3983.44,0.25,32.0,946.32,,0.4548,-0.0455,-0.51,38.38,337,617508,1458,No
28.61,1546.26,26.58,-19.29,67.48,1325.26,5.1,91.12,998.13,4.815833333,0.391,-0.1527,-0.4115,32.84,318,1648295,5955,Yes
11.19,143.54,14.6,48.92,123.96,3780.94,2.99,19.47,947.36,3.489166667,0.3107,-0.1488,-0.273,29.0,13,2228935,7502,No
4.58,579.03,18.48,-36.34,140.88,3340.36,3.22,10.55,942.02,5.094166667,0.0524,0.2811,-0.0779,35.16,9,990923,2298,No
15.34,2193.64,30.76,3.73,83.65,617.24,4.6,74.49,995.35,4.815833333,0.2395,-0.0719,-0.1992,29.4,305,2251744,5760,Yes
23.67,2516.39,24.85,-29.62,15.82,503.45,7.64,66.57,959.57,5.094166667,0.1506,0.0124,-0.2273,38.26,311,1421326,7194,Yes
3.29,237.64,13.88,-33.92,133.98,3236.42,1.83,48.47,943.64,4.815833333,0.1064,0.1429,-0.1553,34.11,269,176573,3462,No
19.82,2789.95,32.9,-7.43,10.44,17.6,5.15,94.74,1047.83,4.7975,0.1606,-0.0364,-0.1295,36.25,417,140651,4391,Yes
7.86,562.64,10.26,-37.53,141.55,2381.31,1.97,44.77,947.8,4.935,0.5018,-0.0615,-0.4688,29.97,277,1900661,1687,No
5.87,1161.36,14.05,49.6,110.19,3302.29,1.36,23.56,1054.02,4.6575,0.2261,0.1103,-0.3317,38.18,305,3502404,4545,No
15.55,2707.06,29.92,-6.7,26.44,1678.45,7.6,93.12,990.21,5.04,0.2175,0.0773,-0.2716,34.26,32,1178273,5675,Yes
10.96,1028.23,6.58,-37.53,164.25,3243.85,0.87,6.91,943.75,5.04,0.2408,-0.085,-0.2537,29.66,222,995746,2242,No
17.98,1982.18,32.57,-3.62,53.97,1971.6,5.13,68.62,1023.23,3.9775,0.2299,-0.0461,-0.282,39.02,243,640537,1966,Yes
16.64,1724.84,32.37,0.3,57.95,250.78,5.44,51.06,960.07,4.485,0.6827,-0.2968,-0.5723,29.82,212,1061204,1745,Yes
27.89,1921.97,35.14,31.43,74.95,1861.38,7.61,94.68,953.89,4.899166667,0.3225,-0.0123,-0.3597,40.34,564,4317756,14895,Yes
28.24,2529.24,20.86,-0.62,33.09,941.88,5.68,51.19,1039.43,4.815833333,0.4847,-0.0513,-0.4512,30.58,643,140651,4391,Yes
25.16,2572.61,38.13,33.5,49.48,87.34,4.15,57.96,976.52,4.485,-0.0569,-0.1142,0.0831,33.35,643,483439,7090,Yes
16.98,1947.36,23.68,39.97,64.84,1153.28,4.72,96.69,956.31,5.295833333,0.1313,-0.0187,-0.2281,28.95,230,2371061,2772,Yes
13.36,1336.39,0.98,47.39,137.56,3960.76,2.06,10.45,1051.24,4.255,0.2036,0.0841,-0.2201,30.14,208,2001762,1788,No
12.03,108.6,12.87,-32.91,132.49,2836.24,1.87,33.7,1052.88,5.094166667,0.017,0.142,-0.052,31.78,134,1445166,5048,No
21.82,2675.76,20.96,36.86,12.65,1387.31,7.42,58.82,1010.76,4.5775,-0.1011,0.0602,0.082,30.36,38,2547184,3340,Yes
27.72,2279.66,32.62,31.72,51.36,344.63,7.17,58.35,955.53,4.730833333,0.0992,0.0256,-0.0796,31.85,34,1656616,2093,Yes
1.06,357.46,15.83,46.4,153.76,3597.62,2.11,47.71,943.9,3.489166667,0.1583,0.1947,-0.2172,39.48,0,2408523,10455,No
23.69,2945.54,38.86,-15.66,60.65,580.93,7.7,50.29,1026.04,4.6575,0.0594,0.1134,-0.1087,30.42,180,577758,0,Yes
7.68,314.82,8.39,-32.23,115.88,3749.03,0.97,30.21,1059.35,4.815833333,-0.0127,-0.1173,0.0801,35.44,251,4063872,12383,No
21.95,2206.34,24.06,18.13,55.27,598.11,5.06,73.12,1049.32,5.146666667,0.1815,0.1872,-0.268,31.36,1406,2772348,13582,Yes
20.45,2633.5,35.58,-11.07,6.94,1033.75,5.83,63.29,989.64,4.6575,0.1508,-0.0702,-0.1124,20.89,69,1321442,3761,Yes
19.38,1741.17,39.65,-7.12,58.62,9.76,7.62,55.83,1042.31,4.16,0.2515,0.0351,-0.2627,30.72,74,1066888,3502,Yes
13.25,782.54,17.56,-38.74,127.8,2657.03,0.78,0.59,1051.19,4.6575,0.1675,0.078,-0.231,35.81,14,1581810,2311,No
25.59,2508.48,35.35,-29.07,21.47,1367.13,4.85,73.85,987.47,4.679166667,0.3317,-0.1904,-0.2778,27.29,337,4229917,11765,Yes
15.04,1849.85,37.44,24.9,38.91,38.24,5.93,79.83,1017.1,5.249166667,0.0519,0.0679,-0.1391,31.59,612,1329672,2246,Yes
12.48,722.75,5.64,41.17,125.8,2750.87,1.18,13.24,1058.31,4.9925,0.2909,-0.0869,-0.2961,31.24,924,2001762,1788,No
28.54,1629.9,28.27,-7.65,45.02,375.49,4.77,52.63,1006.64,5.04,0.0152,0.0931,-0.0474,32.91,234,1666886,1486,Yes
25.49,1832.15,27.38,20.05,44.65,35.54,6.31,84.03,969.48,5.245833333,0.1148,0.1295,-0.1964,34.04,269,1339101,4233,Yes
4.2,990.62,17.25,-31.53,96.06,3503.18,0.39,1.39,1059.13,4.935,0.0548,0.0296,-0.0507,22.76,205,922088,1899,No
12.06,291.26,17.42,-33.56,159.07,3990.06,2.52,27.65,1059.23,5.146666667,0.1539,0.1501,-0.2722,34.11,1406,1698730,3479,No
29.84,2731.56,28.59,15.79,49.5,544.46,4.15,80.64,963.88,5.094166667,0.3874,-0.0706,-0.3419,35.83,116,4165626,7546,Yes
28.3,2253.78,31.29,-16.56,6.77,1570.55,4.27,70.73,966.48,5.146666667,0.0801,-0.0247,-0.1475,16.69,234,1756268,10423,Yes
13.53,653.49,19.1,-34.86,99.66,2823.68,1.23,12.35,940.51,4.9925,0.0591,-0.0382,-0.0447,35.71,588,2251673,2813,No
13.5,523.6,1.78,43.32,131.22,3768.58,0.23,42.52,1052.88,4.5775,0.045,0.0494,-0.0805,31.12,234,1108974,4356,No
23.9,2414.2,27.01,30.22,30.32,1528.73,4.03,75.65,985.75,4.935,0.3062,0.0335,-0.3203,37.95,417,580320,1936,Yes
19.02,2709.31,37.68,-0.78,36.15,1079.99,7.92,89.36,982.17,3.489166667,0.2926,-0.0502,-0.3266,38.65,52,1868529,2760,Yes
24.77,1582.96,26.56,14.69,83.77,1366.98,5.85,79.71,965.63,3.9775,0.6315,-0.2952,-0.4919,30.89,20,957423,1551,Yes
13.85,192.0,18.09,-31.51,147.11,2393.83,2.37,8.58,1051.3,5.2075,0.6556,-0.2183,-0.6025,28.39,133,693947,2036,No
6.29,173.09,1.6,-34.19,172.43,2767.85,1.21,13.16,941.61,5.245833333,0.5242,-0.0875,-0.5482,35.08,181,2371061,2772,No
4.39,1173.66,0.1,49.17,152.19,3957.84,2.98,13.7,1059.72,5.2525,0.1695,0.026,-0.2199,29.58,14,5838465,3202,No
23.17,2640.45,34.02,-12.37,55.16,404.05,5.08,99.92,1000.28,4.4525,0.0316,0.0044,0.0181,26.87,208,1626384,3332,Yes
11.98,60.95,15.84,-34.89,178.96,2249.3,0.62,20.73,944.86,4.899166667,0.0771,0.0624,-0.161,32.32,309,622506,3144,No
1.1,298.01,9.76,42.53,95.02,3871.44,2.39,35.84,943.13,4.6575,0.3013,-0.0267,-0.3013,27.48,95,757847,3427,No
29.43,1718.1,31.63,-24.37,29.67,208.85,5.9,76.06,1017.18,4.6025,0.0872,-0.035,-0.0257,29.73,69,704524,7470,Yes
16.63,2362.17,33.76,35.89,25.33,1037.8,7.81,63.32,1023.15,4.173333333,0.1094,0.1394,-0.1731,18.96,63,2344474,6539,Yes
24.31,1852.55,32.02,19.79,83.66,1217.65,6.16,58.6,957.29,4.7975,0.2303,0.1038,-0.3905,36.96,315,1072942,14412,Yes
24.58,2949.65,27.15,-25.31,32.49,1601.76,6.95,69.77,1045.52,4.765833333,0.0651,-0.058,-0.1548,36.59,25,851669,5838,Yes
12.08,871.86,15.25,43.48,158.88,3580.75,3.28,46.88,945.63,4.485,0.0222,-0.0405,-0.0147,34.39,134,3100946,2540,No
22.67,2026.79,37.45,-8.79,71.72,153.42,7.52,93.37,1044.62,4.255,0.0345,-0.1303,0.0023,30.52,9,1599596,1779,Yes
29.32,2796.5,36.84,-6.89,16.01,68.74,7.46,72.63,1002.37,3.9775,0.4687,-0.0248,-0.4344,22.36,643,1659456,8436,Yes
8.53,1100.17,2.27,-32.48,165.34,3636.13,2.07,39.93,943.21,4.485,0.6985,-0.2707,-0.6275,32.07,14,4494204,4038,No
4.83,388.06,17.48,-39.55,108.84,2162.48,1.34,31.14,948.26,4.765833333,0.2452,-0.1047,-0.2653,32.31,222,2888445,12210,No
25.2,2409.93,30.82,-13.28,57.37,1531.72,5.49,76.29,1028.98,4.935,0.0348,-0.2322,0.0021,26.1,337,1069261,0,Yes
8.32,448.72,8.49,47.0,129.55,2292.6,2.02,48.93,1051.91,,0.0788,0.1575,-0.1725,32.42,553,1413199,10470,No
3.82,917.75,14.93,-36.34,108.89,3616.29,1.03,26.08,1059.84,5.3225,0.0377,0.0692,-0.0801,34.41,5,711434,0,No
24.03,1573.72,30.12,-6.19,46.96,924.92,6.7,93.32,1048.04,5.2525,0.1656,-0.0423,-0.2052,34.91,47,1042886,3718,Yes
7.17,153.13,16.52,-31.72,165.73,3512.76,3.0,24.66,1051.21,,0.0995,0.1714,-0.1363,29.52,508,1200334,4087,No
15.63,2118.78,25.47,3.22,29.28,38.49,4.34,84.4,1042.44,5.094166667,0.1583,0.0757,-0.2055,24.87,119,146850,750,Yes
6.8,806.72,4.52,44.1,124.16,3138.5,1.9,3.38,944.34,4.6575,0.4406,-0.0811,-0.3948,31.22,584,2251673,2813,No
2.36,784.91,4.72,44.08,151.1,2362.5,0.67,30.48,1057.42,3.489166667,0.739,-0.206,-0.6855,34.58,890,1228686,1809,No
13.37,1217.68,16.7,-35.47,130.49,2423.88,0.21,31.01,946.62,5.146666667,0.0928,0.1024,-0.1743,37.92,318,870354,2379,No
6.04,61.38,11.59,-39.21,112.11,3755.66,1.79,21.49,944.09,4.173333333,0.1347,0.0174,-0.1889,21.05,242,1506337,2505,No
16.87,2946.45,34.29,16.11,22.55,248.64,4.96,83.1,1047.47,5.2525,0.6788,-0.336,-0.6272,12.08,3058,612310,1282,Yes
27.98,1512.31,39.09,22.1,53.44,1268.67,5.2,85.81,995.07,4.4525,0.5302,-0.0186,-0.6309,39.6,337,92076,6040,Yes
28.54,2257.63,34.31,13.82,54.72,1195.98,5.37,59.37,956.48,4.730833333,0.1585,0.096,-0.227,38.86,8,2001762,1788,Yes
6.67,596.68,12.32,46.52,131.25,3871.3,3.45,41.93,946.56,5.04,0.2144,0.0622,-0.2606,39.42,34,1705678,3008,No
7.03,853.06,17.99,-37.13,167.39,3317.9,0.91,26.12,1054.33,4.6025,-0.0063,-0.0935,0.0148,7.27,1595,1236829,1979,No
7.79,477.66,10.96,-38.69,120.08,2753.97,0.51,7.37,944.65,4.16,0.0877,0.0093,-0.0854,20.03,132,2586258,9661,No
28.47,2841.74,37.93,19.8,85.09,1080.25,5.75,96.38,1038.54,4.6575,0.1008,0.048,-0.1629,22.2,220,4801062,3172,Yes
28.17,1785.66,33.14,33.76,84.67,1937.42,5.0,57.22,971.55,4.6575,0.1816,0.0603,-0.2359,42.63,38,5913457,9368,Yes
23.6,2123.24,24.13,8.93,8.64,450.56,4.13,68.47,985.24,5.3225,0.1925,-0.0211,-0.2516,32.16,224,3443689,2559,Yes
21.97,1615.32,31.16,19.27,81.16,473.85,5.08,56.72,979.03,4.505833333,0.4487,-0.1404,-0.4072,30.9,27,517992,519,Yes
20.32,2212.27,20.62,18.79,35.2,478.82,5.05,95.93,995.42,4.6575,0.0716,-0.0148,-0.059,34.47,10,1529958,2342,Yes
14.14,737.21,6.55,45.41,99.65,2869.8,2.53,23.89,941.79,5.249166667,0.2522,0.0667,-0.2978,34.17,95,9429408,15643,No
5.06,306.65,5.39,-36.06,162.25,2716.04,1.84,25.8,946.41,4.485,0.0667,-0.058,-0.0377,31.39,305,3797117,4436,No
3.74,1484.11,3.51,-32.35,149.58,2916.7,1.39,29.54,1056.33,5.3225,0.0992,0.0782,-0.2058,34.36,280,1311332,6578,No
5.34,227.7,2.08,-33.7,136.06,3468.34,0.07,4.29,947.52,5.094166667,0.3076,0.0179,-0.3106,35.64,417,870354,2379,No
29.19,2507.97,24.38,-23.82,64.04,361.98,7.65,67.22,1030.45,5.225833333,0.3406,0.0234,-0.3905,28.14,305,2454196,7157,Yes
5.68,585.18,8.04,-35.21,104.81,2794.94,0.15,6.22,943.11,5.249166667,-0.0554,-0.1265,0.0891,25.53,924,3037766,2569,No
11.36,71.15,9.57,-36.94,126.93,3212.15,0.08,24.88,946.9,3.9775,0.3034,-0.0272,-0.3235,41.46,243,900332,1594,No
13.75,785.97,7.85,-34.38,162.98,3488.07,1.72,37.65,946.63,5.3225,0.7603,-0.1817,-0.6373,31.75,181,3564544,2905,No
11.14,619.0,9.61,42.76,91.65,2067.31,0.78,26.54,941.63,4.505833333,0.1786,-0.1273,-0.1631,31.42,383,2463289,5211,No
4.46,105.98,5.45,-31.11,109.2,2853.43,0.09,36.56,1056.31,4.964166667,0.0007,-0.1769,0.0734,34.13,119,2888445,12210,No
19.26,2368.34,29.6,25.7,35.12,337.14,7.3,93.95,1035.48,4.6575,0.3603,-0.0192,-0.3548,33.29,305,1564708,1840,Yes
8.53,1360.69,2.01,47.72,133.31,2120.91,1.93,7.89,1058.15,4.16,0.341,-0.0854,-0.3657,29.82,924,870354,2379,No
24.09,2688.94,30.35,34.65,64.48,1008.07,7.27,67.56,1018.46,4.7975,0.1281,0.3016,-0.3124,30.12,141,870354,2379,Yes
20.5,2229.45,37.46,-14.96,24.27,1622.58,5.23,78.13,962.67,4.815833333,0.1759,-0.0087,-0.2116,30.66,69,2292958,421,Yes
7.54,1256.84,13.58,-33.42,126.56,2899.99,2.59,5.14,944.35,5.2075,0.1748,-0.0156,-0.2645,35.01,224,1805769,4962,No
10.19,858.81,6.23,41.51,132.18,2335.05,0.66,30.67,944.29,3.489166667,0.1677,0.0561,-0.2203,34.96,211,1626384,3332,No
12.96,375.76,15.27,48.5,95.09,3077.0,2.69,26.21,1057.43,4.6575,0.2518,0.0737,-0.2982,36.75,74,1762375,8687,No
19.66,2672.23,34.89,-28.31,61.96,688.63,6.56,96.72,1040.22,5.295833333,0.2262,0.0429,-0.2669,29.52,8,3676841,1535,Yes
20.6,1917.43,20.46,18.58,50.49,1774.53,7.44,87.55,952.07,5.2075,0.2216,-0.0236,-0.2285,34.76,32,5167600,3927,Yes
22.27,2624.03,35.05,-19.37,44.64,456.81,5.06,77.2,999.93,5.245833333,0.1492,0.2437,-0.3176,35.53,141,2882469,15359,Yes
6.93,548.34,6.28,48.37,148.28,3856.08,2.0,42.7,1057.61,5.2075,0.1964,0.081,-0.2876,34.98,618,1042708,1359,No
5.64,1033.75,3.44,-31.62,99.2,2296.07,2.64,39.85,1056.95,4.6575,0.1865,-0.1007,-0.1643,25.56,32,1656616,2093,No
13.11,582.56,15.99,45.21,125.31,3418.78,0.27,20.71,1055.36,4.6025,0.6788,-0.336,-0.6272,12.08,3058,1656616,2093,No
6.17,245.81,17.46,46.74,165.32,3962.42,1.97,29.82,1054.59,4.964166667,0.3396,-0.0547,-0.3136,15.34,383,4143512,4008,No
26.75,2114.77,21.74,10.13,83.24,1497.84,6.33,61.74,967.14,4.505833333,0.4804,-0.1296,-0.4559,17.51,349,4483992,5743,Yes
25.8,2908.22,22.3,33.03,72.76,1947.28,6.38,78.53,1014.89,4.485,0.0649,0.1625,-0.0965,20.74,115,3260699,4402,Yes
10.24,1493.31,18.79,-32.49,134.09,3213.66,1.33,16.97,943.29,5.04,0.2703,0.0784,-0.3343,38.83,74,146850,750,No
1.57,1251.4,7.97,46.36,123.63,2519.47,1.07,13.77,1058.65,4.6575,0.0603,0.0586,-0.1891,36.92,280,144182,3313,No
17.96,1661.93,22.64,39.76,0.81,1614.91,5.97,90.82,1024.4,4.964166667,0.7068,-0.1732,-0.6411,21.87,1406,726978,4291,Yes
20.26,2214.4,38.06,17.45,75.73,1680.22,6.88,54.11,1039.67,4.485,0.128,-0.1025,-0.1131,22.65,211,258840,2448,Yes
25.24,2279.71,31.42,18.19,83.76,1703.22,7.62,77.55,984.74,3.9775,0.0257,-0.2256,-0.0114,18.52,208,1890422,2360,Yes
3.97,321.77,5.49,-38.48,135.71,3002.54,0.83,49.26,1051.81,4.6575,0.1832,0.0053,-0.2311,40.05,190,3301427,2189,No
4.59,290.92,14.31,-38.35,164.5,3858.0,1.06,30.03,944.47,3.9775,0.2356,0.049,-0.2533,36.67,21,4483992,5743,No
10.86,1459.38,13.37,46.4,162.67,3300.23,3.18,24.0,945.73,5.2525,0.1231,0.0692,-0.1924,24.14,69,1078692,3574,No
1.75,1162.91,7.32,-38.66,120.96,3514.21,2.89,19.18,942.26,5.094166667,0.5502,-0.1085,-0.4913,19.31,227,3529031,8206,No
21.96,1994.74,23.0,30.78,20.23,1817.61,4.08,73.36,993.76,4.485,0.2249,0.0923,-0.3564,38.92,184,1998603,5024,Yes
19.1,2180.06,32.51,-8.48,31.83,1116.12,4.04,94.0,973.91,4.6575,0.1223,-0.3081,-0.0795,28.14,445,8004,9129,Yes
24.33,2771.8,21.43,2.1,75.04,387.59,6.94,96.72,1006.82,5.3225,0.23,0.1661,-0.267,37.23,9,4143512,4008,Yes
12.8,1457.28,16.01,46.67,159.36,3126.11,2.04,25.0,1052.91,4.815833333,0.0371,0.1419,-0.125,21.39,57,9356962,446,No
11.21,712.91,6.23,46.07,158.27,3155.28,0.54,49.12,1057.68,4.485,0.0873,0.1117,-0.1472,23.2,612,1506843,4497,No
19.92,2444.26,27.74,-29.92,61.82,1860.42,5.82,76.35,1021.94,4.730833333,0.1383,0.0207,-0.2287,20.46,242,52074,39,Yes
25.29,2393.13,24.0,14.0,62.37,430.41,7.2,54.96,1032.61,5.245833333,-0.0008,-0.163,0.0391,37.99,15,144182,3313,Yes
27.04,2266.18,38.78,0.57,56.57,1854.02,5.56,98.01,1047.93,4.964166667,0.4129,-0.0656,-0.406,31.96,27,1205437,1268,Yes
3.08,859.98,0.84,-37.51,109.03,3765.35,3.19,25.41,1056.64,5.094166667,0.2255,0.098,-0.2559,29.34,125,754894,1940,No
21.14,2495.76,38.31,8.71,65.42,330.01,6.17,66.97,1035.59,4.505833333,0.0819,-0.1603,-0.0058,26.55,890,2320529,3806,Yes
16.7,2947.97,32.41,-17.12,68.36,352.46,4.13,85.75,1030.01,4.4525,0.2318,-0.0112,-0.257,32.84,38,4779661,13433,Yes
19.63,1840.88,22.14,-3.78,26.1,173.35,7.9,60.13,1042.45,4.6575,0.2056,0.0783,-0.3117,31.55,445,3037766,2569,Yes
25.11,2174.56,22.24,28.83,6.94,1743.23,7.79,62.14,986.91,4.6575,0.2907,-0.0108,-0.3397,35.2,74,1041099,6624,Yes
19.99,2052.15,29.74,-14.94,60.7,367.64,7.41,59.41,1032.97,4.485,0.1717,0.0879,-0.2526,34.38,69,3120506,10743,Yes
28.3,2947.62,33.15,29.39,10.56,1599.55,7.16,99.54,1001.83,4.765833333,0.2151,0.0218,-0.2557,22.14,311,1241350,6703,Yes
22.24,2810.64,35.75,20.39,69.56,374.46,5.81,62.1,963.74,,0.1138,0.1136,-0.1752,22.23,512,2877653,2355,Yes
29.63,2827.02,31.14,-28.7,78.6,227.74,6.39,75.31,996.27,5.249166667,0.486,-0.0825,-0.5045,27.09,335,1510075,5739,Yes
10.34,31.64,5.4,-37.4,91.21,3297.77,3.46,12.58,947.6,5.245833333,0.0323,-0.1116,-0.0295,30.37,181,2205968,1713,No
7.15,489.01,0.21,48.97,91.49,2937.02,0.04,29.43,1057.04,4.7975,0.2253,0.0453,-0.2361,37.35,34,700843,638,No
20.53,2751.42,28.58,7.31,29.45,1471.0,6.99,71.66,1043.0,4.16,0.2201,0.0212,-0.3021,33.92,219,183998,4544,Yes
26.05,1667.66,23.67,-20.64,64.72,966.39,4.93,74.72,987.27,4.485,0.0676,0.0733,-0.1415,19.43,612,3466382,3689,Yes
23.48,2853.79,32.97,24.65,47.06,1708.49,6.3,71.16,983.48,4.16,0.4015,-0.1105,-0.3785,32.29,564,1300774,6309,Yes
1.2,811.77,18.85,48.77,150.15,2655.38,2.27,7.58,1053.71,5.295833333,0.2201,0.0642,-0.2064,32.04,32,1220946,5291,No
0.9,668.71,3.42,-33.87,170.28,3726.38,0.89,25.78,941.73,5.04,0.1955,0.0879,-0.299,37.22,618,83955,1382,No
16.69,1826.21,30.83,1.83,57.05,401.16,5.31,76.46,1049.61,4.173333333,0.3563,0.1052,-0.4488,27.79,147,250260,1786,Yes
9.5,222.42,1.3,44.61,153.28,2123.3,1.92,12.38,940.1,4.964166667,0.4374,-0.0495,-0.399,24.1,383,1110906,5776,No
5.23,690.94,6.68,43.87,141.94,2702.55,1.03,30.28,942.46,5.04,0.1063,0.0376,-0.1287,33.28,84,2877653,2355,No
19.03,2411.94,35.07,-5.19,9.17,1706.34,5.25,62.11,962.3,5.245833333,0.1171,0.0201,-0.1551,19.42,132,3037766,2569,Yes
5.14,1403.04,15.96,-36.12,94.0,3060.01,2.33,24.19,1053.92,4.935,0.1119,0.0358,-0.1511,25.83,132,3085411,157,No
8.89,792.69,9.64,44.52,98.47,2062.61,2.01,38.17,948.45,4.505833333,0.3642,-0.0599,-0.3483,36.19,27,2031007,3686,No
20.21,2131.64,39.82,34.23,67.09,230.08,5.08,93.91,1037.6,4.5775,0.1742,0.0614,-0.2959,35.83,219,11060148,9558,Yes
11.18,562.98,15.71,43.63,107.43,2180.79,0.42,4.85,943.56,,0.2013,0.0365,-0.2471,37.98,21,1939869,4393,No
4.15,997.22,15.9,-37.78,143.21,3819.5,1.66,32.16,1058.32,4.964166667,0.2461,-0.1636,-0.1987,30.6,222,1529958,2342,No
21.92,2540.79,31.24,36.95,33.33,959.89,4.3,52.22,1045.47,4.730833333,0.2889,-0.053,-0.2829,28.25,27,2566326,10954,Yes
8.12,387.68,13.18,41.04,92.85,3586.7,1.67,33.06,1057.36,5.2075,0.32,-0.0475,-0.2993,33.03,349,2293919,3562,No
20.48,2604.14,34.28,-7.88,67.49,1501.53,5.64,88.01,1009.12,4.6025,0.3115,0.0181,-0.3273,37.31,90,2603751,28387,Yes
7.65,202.56,18.39,42.8,154.41,3476.05,0.47,47.35,944.94,5.146666667,0.2062,-0.0029,-0.241,32.86,47,2684487,2040,No
7.86,159.1,0.32,-39.18,161.74,3208.78,3.13,40.71,946.57,5.225833333,-0.0149,-0.3679,0.0586,29.93,211,1648295,5955,No
24.61,2190.33,33.15,22.63,75.67,1687.45,6.45,58.97,955.54,4.730833333,0.0197,0.1314,-0.0335,32.4,220,531885,2535,Yes
17.85,2009.58,30.58,0.97,15.22,197.13,7.78,53.03,1035.12,5.04,0.1292,0.0212,-0.1917,35.09,47,1510075,5739,Yes
8.2,936.38,12.56,48.94,119.43,3456.63,0.86,23.77,947.34,4.6575,-0.0254,-0.0793,0.0971,32.82,399,2320529,3806,No
5.65,217.23,1.33,-39.59,92.14,3423.65,0.16,7.23,946.68,5.421666667,0.0956,0.1224,-0.1802,38.9,318,950075,2457,No
18.88,2398.75,38.82,-19.89,72.82,1705.39,4.48,80.91,984.89,5.04,0.0164,-0.1215,-0.0747,41.66,25,84121,6401,Yes
15.32,2918.12,22.78,-14.51,40.67,308.8,7.65,60.7,1015.73,5.249166667,0.4272,-0.0474,-0.4686,29.33,305,1693622,2282,Yes
6.99,1397.94,13.72,-31.65,135.79,3567.3,0.18,5.51,1058.34,4.255,0.4634,-0.151,-0.405,30.22,27,704524,7470,No
23.49,2135.68,24.32,37.73,79.7,1052.96,4.86,60.57,1032.54,4.4525,0.0814,-0.0198,-0.0839,18.27,219,1706352,1703,Yes
24.53,2196.94,35.86,34.39,21.85,681.44,6.52,90.63,961.92,4.964166667,0.5218,-0.0706,-0.4917,29.14,181,3876001,7685,Yes
11.99,1406.4,11.79,47.02,93.14,3082.53,0.74,2.52,947.48,4.9925,0.0416,-0.2146,0.0024,25.71,1406,1928812,8442,No
9.51,481.01,14.77,46.59,127.64,2064.59,0.25,16.38,1054.21,4.7975,0.0849,0.0937,-0.1328,35.3,132,554519,4102,No
8.71,903.06,8.83,46.39,122.6,3816.11,1.68,17.98,947.5,5.295833333,0.1152,0.0575,-0.1496,33.7,309,1367765,1419,No
17.58,2966.45,30.31,-1.95,58.64,1576.2,6.78,99.36,1018.97,4.6575,0.2485,-0.0071,-0.2422,32.09,74,1586625,3386,Yes
27.45,2911.59,32.56,-21.52,77.64,1390.48,6.64,89.2,957.1,4.505833333,0.234,0.0675,-0.2931,35.06,474,771639,1052,Yes
24.19,1588.63,32.68,-1.17,2.45,660.13,6.28,87.63,980.7,4.730833333,0.2493,0.0546,-0.3388,31.01,305,1890422,2360,Yes
18.65,2866.89,32.41,18.35,39.94,1227.78,6.32,87.68,979.83,3.9775,0.1273,0.0399,-0.1904,36.47,14,644758,4076,Yes
25.46,2721.99,28.48,2.58,22.24,290.93,6.43,55.55,1035.24,5.3225,0.2936,0.0475,-0.2809,28.47,618,424483,410,Yes
18.05,2581.95,32.79,39.95,4.5,70.33,7.02,90.57,1046.38,5.094166667,0.5027,-0.05,-0.5107,35.79,643,985417,0,Yes
23.98,2185.36,31.48,38.6,40.33,1195.42,4.68,93.07,975.44,4.815833333,0.3039,0.0136,-0.3297,39.28,95,4581268,3155,Yes
16.81,1510.43,32.28,-23.9,31.06,21.04,5.6,86.06,1025.19,4.4525,0.1914,0.0907,-0.2853,35.47,618,163418,2026,Yes
25.38,2846.61,39.62,16.24,46.85,1209.29,4.94,86.07,950.81,5.249166667,0.2992,0.0521,-0.3166,35.7,417,1885204,2181,Yes
25.94,2675.3,23.27,35.04,57.5,1050.01,5.69,95.67,1020.35,4.679166667,0.439,-0.1686,-0.4,31.34,181,610382,3852,Yes
9.24,775.81,12.29,49.81,120.22,2113.71,1.21,1.07,940.79,4.815833333,0.1529,-0.0053,-0.2201,36.1,311,1774692,9656,No
17.86,2357.84,25.07,12.83,76.43,1660.03,6.06,56.35,975.52,4.679166667,0.1399,0.0692,-0.2067,30.8,251,3620268,3377,Yes
13.53,1050.18,9.02,48.24,158.64,2061.77,0.54,43.0,944.48,4.7975,0.2021,-0.0966,-0.1933,22.6,20,554519,4102,No
15.15,2927.46,31.45,-12.99,77.65,1234.91,4.56,53.52,1031.14,4.815833333,0.1153,0.1967,-0.1593,33.1,125,610183,2337,Yes
21.75,2023.33,30.45,31.1,8.52,151.73,6.18,52.42,1037.95,4.255,0.3108,0.011,-0.3692,33.15,8,1108974,4356,Yes
15.55,1827.74,20.21,-12.04,58.68,1868.28,4.05,55.05,1004.23,,0.7828,-0.2209,-0.6996,22.98,1406,54080,3900,Yes
15.13,2867.67,38.74,38.14,43.47,1720.74,4.63,65.03,971.84,4.255,0.1577,0.121,-0.2202,27.94,399,867848,4449,Yes
7.03,11.69,17.75,43.81,102.42,3721.41,1.93,10.63,1057.64,4.9925,0.2841,-0.4102,-0.2829,-2.17,3058,476835,1674,No
12.43,623.27,11.77,43.96,116.84,2027.07,2.77,45.14,1055.15,5.094166667,-0.0267,-0.1339,0.0775,32.44,12,1536401,3979,No
12.51,718.79,2.17,41.16,120.33,3403.17,0.05,11.93,940.78,,0.1004,0.0819,-0.1403,38.66,588,1873046,8025,No
22.68,2555.84,31.33,33.06,64.82,1574.59,5.85,85.15,1032.21,5.146666667,0.0766,0.0606,-0.1733,36.44,6,4517398,8727,Yes
14.36,15.32,16.24,-32.24,145.35,3729.57,1.54,12.77,1057.51,4.679166667,0.1007,0.13,-0.1651,30.63,553,1974551,2206,No
6.97,813.09,4.06,-31.12,137.37,2431.64,1.24,39.04,943.23,4.16,0.058,-0.0256,-0.1144,24.68,234,7214225,8107,No
24.56,2613.08,21.5,14.93,11.6,1395.57,4.6,74.36,989.34,4.9925,0.2414,0.1495,-0.2552,33.59,10,84121,6401,Yes
12.24,568.46,14.0,-39.2,138.19,3843.67,3.36,27.47,944.99,4.815833333,0.4472,-0.0527,-0.3853,32.29,245,163418,2026,No
23.26,1502.97,26.72,-11.23,0.49,406.38,5.6,86.17,1025.37,4.964166667,0.1931,-0.0523,-0.2066,29.84,47,967911,7073,Yes
22.59,2763.09,22.67,16.74,73.37,599.24,6.04,56.6,1005.0,4.765833333,0.0027,-0.1208,0.0209,31.61,211,378811,927,Yes
26.17,2392.83,26.58,2.25,35.42,691.22,5.39,94.17,1021.53,4.899166667,0.185,-0.0188,-0.2068,31.52,52,640537,1966,Yes
26.22,2054.72,30.45,32.2,34.26,600.57,6.78,96.44,966.41,5.249166667,-0.0083,-0.1397,-0.0058,37.28,25,3499171,4512,Yes
10.63,867.65,17.99,45.21,162.26,2423.6,2.02,41.71,1059.23,4.173333333,0.1456,-0.0621,-0.1995,25.23,47,529855,2825,No
29.56,2821.65,33.91,-16.52,16.43,1206.3,7.64,80.7,963.04,5.2525,0.1515,0.0785,-0.152,20.72,184,6107187,15530,Yes
17.47,2423.41,38.42,-18.7,83.21,244.4,6.24,57.96,1034.78,4.964166667,0.0594,-0.0226,-0.0781,16.11,219,7214225,8107,Yes
9.06,153.45,15.26,49.63,94.72,2087.28,0.36,8.43,942.5,4.6575,0.462,0.0286,-0.462,37.09,95,2440073,0,No
24.5,2460.12,21.65,1.96,89.14,384.34,4.49,87.96,1034.99,4.899166667,0.2885,-0.1816,-0.1683,30.35,337,479148,3271,Yes
7.87,387.62,4.96,-31.1,136.74,2023.94,0.35,15.85,1058.31,5.2525,0.2347,-0.1474,-0.2127,28.45,133,148226,4662,No
17.78,2426.82,24.02,-4.65,8.34,759.82,7.05,70.78,1048.98,4.173333333,-0.0452,-0.4231,0.0789,33.62,228,2405890,3411,Yes
15.34,2986.29,39.27,-3.36,73.29,70.81,7.0,90.12,1009.68,4.9925,0.6597,-0.228,-0.5815,27.09,13,1334152,2702,Yes
14.37,1289.4,18.95,-37.72,91.02,3727.09,3.24,27.42,947.63,5.245833333,0.6804,-0.2356,-0.6201,30.62,37,1885204,2181,No
11.77,370.65,10.97,-36.88,96.14,3927.28,0.24,8.14,941.79,5.249166667,0.3878,0.0033,-0.4112,27.83,445,1192811,4452,No
7.88,436.49,15.8,-36.86,159.97,3329.93,0.07,5.1,1052.71,4.4525,0.5516,-0.0512,-0.4871,30.25,147,5154296,10807,No
20.96,1889.03,39.79,-13.21,11.88,86.01,6.78,90.44,1019.03,4.935,0.3533,-0.0199,-0.375,38.39,554,4290589,11161,Yes
17.48,1596.81,26.67,-0.23,69.67,1257.34,5.32,53.29,1020.14,4.730833333,0.122,0.0905,-0.0485,32.07,147,2320529,3806,Yes
11.01,37.47,8.47,-32.54,161.72,3357.92,0.59,48.09,1057.29,4.815833333,0.1417,0.2679,-0.3253,34.34,141,1536401,3979,No
15.14,2598.87,27.04,-1.32,0.26,1914.67,7.62,64.93,1035.63,5.04,0.0441,0.2048,-0.1046,30.31,508,1042137,2277,Yes
3.38,840.28,3.26,-32.2,116.26,3148.34,1.91,28.81,947.15,4.6575,0.4979,-0.0614,-0.4791,28.81,943,3330464,2219,No
27.13,1972.61,21.78,-21.81,74.6,1646.15,6.05,78.49,950.83,5.2075,0.4437,-0.1378,-0.3817,27.4,27,967911,7073,Yes
9.64,558.1,3.29,-35.71,142.44,2944.95,0.86,27.07,948.37,5.3225,0.4491,-0.0895,-0.4411,37.61,305,2408523,10455,No
8.24,699.07,4.29,-35.72,103.91,2418.59,0.54,1.58,1055.42,4.815833333,0.5516,-0.0512,-0.4871,30.25,147,728999,3182,No
26.64,2765.23,25.99,16.15,57.76,1529.12,7.28,81.93,983.9,3.489166667,0.0419,0.1452,-0.1289,38.76,215,3620268,3377,Yes
23.39,1535.29,23.05,19.64,25.63,593.88,7.67,57.6,1047.21,4.173333333,0.4352,-0.0059,-0.4445,27.41,445,609990,0,Yes
28.48,2736.29,37.34,-11.26,10.63,1642.15,6.79,83.56,1002.76,4.730833333,0.4044,0.0861,-0.4537,17.46,1406,3682713,4561,Yes
17.15,2085.47,35.88,39.98,68.74,156.48,4.95,74.98,972.3,5.04,0.1167,0.0465,-0.1587,30.93,309,1836086,6214,Yes
13.46,507.85,6.34,-36.51,124.13,2459.69,1.94,38.83,947.24,5.3225,0.0759,0.0503,-0.1272,21.0,612,733110,8021,No
0.54,1350.02,5.88,-35.54,108.52,2128.54,0.7,45.86,1052.91,5.094166667,0.1268,0.1349,-0.173,31.89,12,3482056,5237,No
9.94,1062.43,6.41,47.05,123.77,2761.32,1.83,10.22,943.81,3.9775,0.2913,0.1772,-0.2871,32.02,10,1379131,8758,No
11.84,201.15,3.67,-36.01,93.66,2591.7,3.29,19.64,1054.06,5.245833333,0.3661,-0.0257,-0.3921,24.52,181,3343872,8535,No
24.51,2002.18,26.16,0.49,82.94,427.39,5.06,78.59,973.9,4.730833333,0.3845,-0.0286,-0.4298,32.73,943,2062330,2883,Yes
7.47,876.34,4.54,-33.23,115.12,2586.3,3.42,46.09,1059.71,5.249166667,0.4263,-0.0531,-0.4504,36.3,349,148226,4662,No
13.08,818.73,11.68,41.08,149.33,2064.14,3.26,20.67,943.42,4.6575,0.3331,-0.0097,-0.3206,35.33,27,3564544,2905,No
15.03,1599.88,24.01,-6.39,32.72,1572.05,7.79,85.42,1021.22,4.505833333,0.1549,-0.1385,-0.1519,34.55,222,2093437,9712,Yes
20.59,2091.56,29.86,16.98,45.23,1784.8,6.86,54.83,1035.23,,0.8903,-0.3473,-0.709,29.81,20,1388525,3353,Yes
5.07,207.58,5.24,48.96,132.43,2651.17,3.42,16.1,1053.37,5.2525,0.1848,0.0915,-0.2495,29.02,9,533638,8298,No
6.2,1033.59,9.44,42.0,122.95,3054.45,1.89,20.15,1057.09,5.2525,0.073,0.1384,-0.1141,26.46,115,1192811,4452,No
21.66,2624.06,28.47,13.49,46.58,1274.49,7.92,64.9,1020.52,4.16,0.0955,0.1215,-0.1401,36.82,309,1445166,5048,Yes
7.41,815.1,3.27,44.61,156.71,3912.37,0.19,27.29,1051.78,5.094166667,0.2628,-0.0555,-0.2882,28.33,222,2562012,2033,No
4.49,872.39,11.28,-34.43,138.66,3634.63,0.96,37.14,1058.04,4.173333333,0.0936,0.142,-0.1374,39.82,134,250260,1786,No
8.15,628.2,6.99,-32.2,177.29,2392.88,1.32,33.86,1059.28,4.16,0.4329,-0.1,-0.4268,34.95,643,1437169,10277,No
29.03,1529.62,21.78,-26.06,15.98,1412.7,4.72,59.71,992.55,5.295833333,0.0257,-0.0353,-0.016,37.31,34,1089263,1507,Yes
6.44,1453.36,17.64,-34.36,132.68,3050.84,0.01,35.46,948.15,5.2525,0.1975,0.0726,-0.2682,34.43,12,2251673,2813,No
23.99,2466.57,37.0,-8.97,89.57,568.31,6.39,71.57,986.4,5.249166667,0.023,0.1367,-0.101,29.61,612,3068420,11724,Yes
8.62,991.35,2.73,-31.62,97.34,3461.09,2.55,18.45,943.99,4.815833333,0.1474,0.1026,-0.1785,21.42,125,1016520,7135,No
7.45,481.0,16.05,-32.27,116.45,3355.91,0.33,32.86,1057.93,5.2525,0.0865,0.1187,-0.1813,36.52,180,83448,7032,No
5.07,218.89,7.53,-32.94,96.33,3229.15,1.94,30.42,1055.98,4.255,0.3371,-0.052,-0.378,32.74,14,140651,4391,No
6.06,1408.8,3.92,41.56,146.95,3271.96,0.53,11.9,1057.52,4.173333333,0.0923,0.1,-0.1769,37.55,180,2408523,10455,No
29.35,2490.41,25.17,2.34,59.88,657.99,6.37,91.27,1046.8,4.679166667,0.2257,0.0249,-0.2978,42.11,564,92076,6040,Yes
7.56,438.0,3.77,-36.77,140.75,2298.71,0.57,20.13,1055.94,4.5775,0.2425,-0.0403,-0.286,32.88,74,297446,259,No
27.21,2026.31,30.26,-11.97,28.52,1371.19,4.33,60.11,1015.91,4.9925,0.0455,-0.0808,-0.0033,31.61,74,1066063,6205,Yes
26.21,1815.87,28.59,-15.78,23.95,927.4,5.49,67.67,1026.65,,0.423,0.0605,-0.4293,24.22,383,1945497,5924,Yes
1.77,1425.48,18.25,-39.03,144.0,2657.17,3.37,36.76,1057.55,4.6575,0.1018,0.1595,-0.1638,30.72,141,1128350,1574,No
28.06,2956.27,31.5,-3.09,51.37,320.0,7.81,69.11,1029.29,4.255,0.149,-0.0825,-0.122,23.01,3058,1895686,3325,Yes
26.05,2167.12,25.93,-10.85,55.31,57.7,7.13,92.19,1047.86,5.421666667,0.1813,0.0143,-0.256,33.23,78,1581810,2311,Yes
0.92,1399.18,8.75,-34.94,120.09,2301.75,1.71,5.57,1057.41,5.245833333,0.0702,0.1319,-0.1546,40.82,553,2037573,12387,No
29.77,1834.82,34.16,-13.11,7.51,1619.53,4.55,53.0,972.87,3.9775,0.1301,0.0918,-0.2356,33.99,84,4021243,7680,Yes
4.35,1253.62,17.66,48.06,139.72,2817.47,2.79,45.23,1057.73,5.04,0.1136,0.1993,-0.1568,31.39,63,2703114,5837,No
0.82,312.29,2.94,-37.87,148.62,2502.22,0.37,40.76,1053.49,5.295833333,0.5192,-0.1075,-0.4825,29.19,27,2663629,8272,No
24.54,2321.74,33.06,-5.17,76.42,1598.3,4.29,85.87,962.13,4.6025,0.29,-0.0408,-0.3186,31.72,211,483439,7090,Yes
26.49,2495.95,34.56,-4.09,24.01,1847.43,4.45,52.87,1015.75,5.146666667,0.0899,0.1035,-0.1939,39.21,242,2454196,7157,Yes
19.04,1599.23,34.9,-15.11,85.88,146.33,4.6,94.02,980.81,5.3225,0.572,-0.1217,-0.5209,30.04,13,1343734,5792,Yes
6.08,929.13,9.89,-32.6,124.78,3721.05,2.4,1.03,1056.9,4.679166667,0.2628,-0.0425,-0.1988,28.23,643,643291,3677,No
13.0,784.78,1.34,49.06,144.16,2850.05,3.28,46.6,946.87,4.255,0.1359,0.0451,-0.2067,34.13,14,21167,6190,No
27.87,2949.02,37.04,23.39,41.41,512.97,5.82,69.06,1003.56,4.730833333,0.5867,-0.1781,-0.4803,22.44,116,3937385,2279,Yes
9.61,240.99,18.92,-35.08,168.64,3294.94,0.32,8.6,1058.69,5.249166667,0.0936,0.142,-0.1374,39.82,134,4887813,11391,No
7.64,1477.92,2.51,44.09,133.56,2396.89,2.06,19.69,941.09,4.6025,0.087,0.0494,-0.0858,18.82,205,4772006,3718,No
28.54,2874.28,33.48,15.52,85.83,1987.6,5.05,63.55,985.71,4.815833333,0.2909,-0.0547,-0.2909,31.69,924,950075,2457,Yes
9.35,448.55,18.67,-32.87,107.21,3796.08,2.81,3.36,1055.02,4.899166667,0.7609,-0.2774,-0.6594,28.38,116,1951014,5217,No
23.18,1600.92,31.92,14.22,63.48,1899.61,4.19,62.76,1042.01,4.7975,0.1116,-0.263,-0.0593,27.48,133,3120506,10743,Yes
0.12,288.69,17.62,47.61,110.51,2046.66,0.87,46.09,946.04,5.2075,0.4315,-0.0732,-0.453,33.5,643,1228686,1809,No
9.68,383.28,2.52,-39.34,124.6,3302.11,0.58,1.5,1056.61,4.679166667,0.1736,0.1365,-0.2238,26.18,125,2498156,2407,No
2.81,1266.06,5.73,47.69,131.16,3799.94,2.53,8.5,1057.64,4.7975,0.1213,0.1084,-0.1728,34.42,318,2772348,13582,No
7.26,1113.14,13.45,48.05,114.83,2802.17,1.04,31.83,944.72,4.899166667,0.2628,-0.0425,-0.1988,28.23,643,2092371,45674,No
5.47,719.91,9.65,41.85,95.15,2570.89,2.96,0.72,940.83,4.485,0.1159,0.1537,-0.1731,24.76,63,2882469,15359,No
5.25,1164.88,15.01,-34.69,117.79,3212.19,0.25,29.06,1056.11,4.255,0.1585,-0.1776,-0.1148,30.2,383,577758,0,No
12.4,342.06,8.76,-36.7,136.84,2796.86,1.49,4.85,1055.92,4.899166667,0.0984,0.0499,-0.0882,35.87,512,2684487,2040,No
11.39,799.53,8.87,-38.34,178.7,2703.3,0.8,17.26,1055.71,4.964166667,0.4307,0.0412,-0.4782,35.52,227,1696694,3088,No
27.81,2617.19,37.88,27.92,54.62,401.77,4.97,50.92,987.81,4.679166667,0.2002,-0.0013,-0.2781,35.97,224,3264619,3229,Yes
12.67,1344.46,19.1,-37.74,173.63,3910.9,0.13,30.54,945.52,4.5775,0.1115,0.2559,-0.1938,33.75,134,754894,1940,No
27.33,1845.39,39.8,-7.29,8.21,1947.93,4.73,96.34,991.18,4.173333333,0.1853,0.0048,-0.2052,24.04,211,1091854,5133,Yes
17.98,2297.75,30.57,33.09,3.37,702.25,7.77,70.85,1023.44,4.5775,0.1149,0.1796,-0.175,27.6,63,1551019,6509,Yes
13.09,164.11,6.33,42.13,179.24,2381.82,1.87,13.76,1054.09,3.9775,0.0991,0.1553,-0.3155,35.29,141,1734495,3555,No
24.09,2877.25,22.21,-6.75,60.21,1844.49,5.37,92.42,1018.72,4.815833333,0.1155,0.0444,-0.157,31.38,242,2703114,5837,Yes
7.49,1036.37,17.77,-31.69,129.29,2767.38,0.45,24.41,1055.76,4.730833333,0.0291,0.1853,-0.198,29.25,57,4081148,19130,No
28.6,2943.54,36.7,-22.28,7.87,30.69,5.98,72.1,963.19,4.815833333,0.6181,-0.1607,-0.6029,34.06,441,1385881,5427,Yes
26.84,2373.8,21.59,13.57,7.87,1903.59,7.4,71.17,1011.65,5.2525,0.1183,0.0512,-0.1768,24.92,132,1331597,8466,Yes
28.76,2542.43,24.61,0.01,82.66,1290.46,7.68,83.56,1046.45,5.2075,0.1614,0.053,-0.2039,22.4,69,0,0,Yes
2.62,422.74,1.03,-36.31,100.46,3564.95,2.13,21.35,1055.95,4.765833333,0.1117,0.0056,-0.1877,35.75,234,1862559,6905,No
8.87,275.75,17.95,-33.29,131.1,2052.12,0.51,34.07,1058.0,5.04,0.4632,-0.1467,-0.4681,21.46,441,849651,5207,No
24.72,2923.01,22.32,22.96,24.18,1474.02,7.11,84.25,991.02,4.765833333,0.0186,0.0502,-0.0438,35.6,285,582320,21,Yes
3.15,1066.55,12.49,-31.67,174.69,2572.06,2.0,23.91,1057.25,5.295833333,0.432,-0.0444,-0.4233,31.62,245,1069261,0,No
8.62,953.59,11.8,43.47,164.2,3646.22,1.06,28.41,1055.78,4.730833333,0.0851,0.0073,-0.0902,36.88,9,618931,3642,No
4.94,159.26,8.06,49.54,91.98,3253.58,2.13,47.71,1058.04,5.421666667,0.7192,-0.2975,-0.637,31.23,37,1458875,7371,No
19.46,1986.54,32.9,29.29,18.83,1125.74,6.09,94.56,1004.44,4.255,0.0855,0.0592,-0.1735,29.1,6,2632733,4152,Yes
9.23,22.71,11.44,-37.86,102.74,3850.32,2.07,33.32,1054.73,4.765833333,0.119,-0.0292,-0.1053,25.07,219,700843,638,No
5.35,777.36,13.77,49.83,99.49,2981.69,0.83,38.75,1054.09,4.9925,0.0657,0.0232,-0.1455,38.0,5,56574,1399,No
29.38,2742.26,28.61,24.56,35.75,590.36,6.35,78.89,965.24,5.2075,0.4279,-0.0583,-0.4733,31.86,277,4772006,3718,Yes
14.49,568.95,12.57,48.65,148.29,3789.34,1.51,26.72,943.9,5.249166667,0.271,-0.076,-0.2327,30.43,222,769751,2198,No
4.18,991.55,4.64,42.93,162.65,2234.34,2.76,35.23,1051.39,5.146666667,0.203,0.0613,-0.2586,35.9,90,1255104,4244,No
19.09,2194.35,39.64,32.34,70.07,511.21,7.48,52.94,1009.76,4.9925,0.2719,0.017,-0.3159,34.84,208,900332,1594,Yes
17.38,1575.41,29.26,1.08,3.87,648.15,6.15,53.04,1019.46,5.2075,0.3649,-0.0291,-0.3751,40.34,305,7214225,8107,Yes
21.5,2915.84,27.73,-4.38,40.82,1062.11,7.11,96.18,996.59,4.4525,0.1183,0.0805,-0.1407,36.15,318,900332,1594,Yes
9.13,813.31,12.39,45.41,92.16,3077.22,1.41,42.53,942.49,4.505833333,0.7923,-0.2336,-0.7026,28.33,133,2299885,3953,No
16.4,2209.06,31.41,35.45,57.0,314.95,6.58,81.4,960.89,,0.0771,0.1365,-0.147,35.98,242,4801062,3172,Yes
10.85,81.99,15.78,-32.26,141.41,2081.89,2.04,45.41,1052.25,4.4525,0.2664,0.0625,-0.2886,36.5,305,95219,1651,No
0.42,946.0,14.64,-37.42,126.84,3284.4,2.23,11.09,1056.52,4.173333333,0.1776,0.0396,-0.2605,33.75,78,1890422,2360,No
7.12,1228.15,19.18,42.51,154.42,3134.48,2.4,35.52,1057.78,5.225833333,0.0469,-0.0222,-0.0061,32.99,132,163418,2026,No
22.18,2976.85,38.09,38.84,12.0,339.28,4.81,69.52,1049.78,4.5775,0.0261,0.1271,-0.0359,21.85,63,7214225,8107,Yes
6.34,489.5,19.31,46.35,131.88,3229.05,1.91,34.33,942.78,5.2525,0.0898,-0.0749,-0.0427,32.52,47,3330464,2219,No
2.72,637.99,8.86,41.64,124.56,3793.99,2.48,4.95,944.76,3.9775,0.3005,-0.0269,-0.3106,35.24,38,78690,4134,No
11.67,140.02,14.87,-38.94,164.89,3436.75,1.34,5.55,946.67,4.899166667,0.2413,-0.059,-0.1948,21.85,21,2822143,8572,No
24.99,1877.09,26.56,-6.84,76.22,1484.41,6.89,89.74,1036.11,4.935,0.0647,0.0924,-0.1882,36.86,285,84121,6401,Yes
21.02,2345.2,31.37,14.32,79.36,1458.36,7.38,62.52,1018.61,4.815833333,0.1192,0.2656,-0.1728,37.06,0,595527,1482,Yes
10.58,647.31,9.97,-34.97,164.45,2332.66,0.58,48.63,946.21,5.2075,0.2169,0.0789,-0.2636,32.77,34,317917,2603,No
21.94,2002.01,31.87,38.01,54.35,367.72,7.62,54.08,1048.61,4.815833333,0.1861,0.1422,-0.3236,30.7,184,0,0,Yes
13.82,1006.25,16.68,47.7,133.01,3632.49,2.27,4.55,1055.36,4.6575,0.1589,-0.0115,-0.2111,19.99,242,519080,6522,No
26.05,2592.83,37.15,-22.6,30.65,6.01,5.05,66.48,1020.82,4.679166667,0.2274,0.0874,-0.3568,40.82,184,391605,8030,Yes
7.62,1062.72,16.66,46.12,169.96,2444.48,2.63,46.66,1051.04,5.249166667,0.1089,0.0563,-0.1372,34.46,269,4053463,17658,No
13.84,564.1,11.79,45.99,154.7,2340.57,1.54,25.09,942.54,5.3225,0.2802,-0.0111,-0.3147,29.24,474,2320529,3806,No
17.32,2917.73,28.87,-14.66,46.38,1064.1,7.08,98.13,960.2,4.899166667,0.3761,-0.2065,-0.329,27.29,37,1506337,2505,Yes
15.71,2347.65,26.43,-8.24,32.58,538.04,5.1,62.77,951.85,4.173333333,0.4406,-0.0811,-0.3948,31.22,584,2454196,7157,Yes
0.52,1079.37,5.03,48.49,113.35,2912.56,0.12,14.64,1058.34,5.146666667,0.8045,-0.2351,-0.7104,27.02,133,1321442,3761,No
27.33,2934.47,28.09,28.76,88.71,353.1,5.22,87.53,976.89,3.489166667,0.0588,0.0084,-0.1325,31.05,234,1385881,5427,Yes
12.06,871.87,0.25,42.59,138.05,2377.96,3.2,41.91,1051.56,4.815833333,0.1356,0.119,-0.1731,39.55,34,1762375,8687,No
7.69,916.87,5.7,43.55,137.52,2854.95,0.52,23.48,944.79,4.765833333,0.3107,0.0059,-0.3354,21.22,315,2148665,3349,No
3.12,817.53,13.86,-39.72,113.16,3665.84,0.59,24.09,943.69,4.9925,0.124,-0.0579,-0.1658,20.16,224,144182,3313,No
23.04,2447.89,23.3,-21.35,65.09,459.62,6.61,79.84,1008.57,4.255,0.0316,0.087,-0.0782,36.17,399,1206516,3033,Yes
21.69,2443.64,20.63,14.55,84.69,189.64,5.31,85.76,965.23,4.730833333,0.3742,-0.3514,-0.3149,29.58,41,1836086,6214,Yes
25.18,2408.77,39.01,-16.21,64.68,670.9,6.59,78.69,1001.15,4.935,0.1631,-0.0333,-0.1993,31.11,222,3656539,443,Yes
0.28,539.02,18.46,48.19,149.58,3863.56,2.45,42.28,1059.79,4.4525,0.4668,-0.093,-0.4346,28.78,349,2204307,11443,No
7.75,501.49,13.51,46.85,105.06,2540.39,2.41,7.21,943.37,3.489166667,0.2282,-0.0017,-0.3007,31.11,219,991730,3216,No
24.57,2809.28,29.63,-11.78,76.3,1542.53,7.88,96.81,993.27,4.815833333,0.8076,-0.24,-0.6733,32.04,133,1486777,0,Yes
2.54,664.56,16.11,-31.03,103.37,2767.61,1.94,33.88,1052.72,5.04,0.1399,0.1137,-0.2174,35.64,508,3038252,3710,No
15.89,2906.84,21.29,39.03,15.92,688.18,5.84,68.13,1033.87,4.4525,0.121,0.0176,-0.1623,26.84,15,1214205,1768,Yes
23.54,2430.89,34.06,6.13,49.72,1650.46,4.16,89.08,970.84,5.094166667,0.1628,-0.0003,-0.1465,31.92,305,2050862,7195,Yes
3.85,520.49,15.9,-35.34,103.73,3817.58,3.14,34.48,1059.29,4.255,0.2262,0.0429,-0.2669,29.52,8,1127033,4851,No
10.32,989.27,13.85,-39.08,154.43,2360.5,3.36,45.41,1058.41,4.679166667,0.4546,-0.0863,-0.4463,24.69,349,708972,0,No
26.45,2740.49,21.28,-17.89,0.46,1921.54,4.1,89.39,1032.37,5.3225,-0.0673,-0.0017,0.091,32.97,228,314667,1719,Yes
7.87,1239.6,17.36,-37.56,139.17,2625.23,0.21,16.82,944.51,4.505833333,-0.0093,-0.159,0.0678,29.54,5,200222,157,No
12.79,1248.14,5.36,-34.56,117.23,3552.99,1.98,46.49,941.08,5.421666667,-0.095,0.0001,0.1137,32.43,211,2523003,2961,No
15.47,2016.73,23.36,-15.92,58.49,40.17,4.84,95.36,957.09,4.935,0.1597,0.0897,-0.2904,32.88,508,3495021,2036,Yes
21.9,2793.66,21.85,23.23,67.03,1913.72,7.14,57.09,1007.24,4.173333333,0.0338,-0.1729,-0.0231,27.85,618,1042708,1359,Yes
10.59,884.56,6.09,42.48,128.74,3087.59,2.0,44.3,1055.74,5.04,0.4516,-0.0761,-0.4228,18.23,227,1200334,4087,No
22.36,2409.34,30.29,30.62,23.74,1225.01,4.71,59.22,967.63,5.04,0.2169,0.0789,-0.2636,32.77,34,1965970,4989,Yes
8.42,844.09,12.34,45.21,136.7,2459.82,3.07,35.38,1051.42,3.489166667,0.1108,0.1013,-0.1566,36.33,84,437903,5503,No
26.26,1605.97,27.29,-18.05,69.68,1005.6,6.77,84.29,968.8,3.489166667,0.1161,0.0194,-0.1296,33.85,14,3936331,6075,Yes
11.61,1069.97,14.71,49.46,109.55,2148.08,3.33,15.16,940.71,4.5775,0.0532,0.1288,-0.1016,27.23,57,610183,2337,No
25.2,1649.58,27.49,28.0,33.26,1920.84,7.31,79.49,971.5,5.094166667,0.2041,0.0117,-0.2006,25.78,208,1648115,1282,Yes
5.63,268.87,0.75,49.12,179.67,3576.55,2.89,45.23,1053.72,5.3225,0.4759,-0.0717,-0.4993,28.01,305,378811,927,No
14.09,166.1,11.34,-38.62,113.45,2081.23,1.39,30.02,1054.08,4.16,0.1721,-0.2648,-0.1525,31.7,181,441162,3098,No
26.79,2106.83,21.75,-18.18,25.47,1243.6,7.16,92.65,981.78,5.3225,0.0829,0.0592,-0.1424,31.79,234,826067,4256,Yes
22.59,2097.26,25.14,-8.22,84.06,858.37,4.95,65.33,1044.47,5.225833333,0.526,-0.1678,-0.4256,30.29,383,3343872,8535,Yes
22.67,2234.94,36.17,20.69,60.24,443.05,7.85,90.06,1043.64,,0.8239,-0.3466,-0.6713,28.12,315,2335819,2367,Yes
11.5,189.39,6.84,43.14,109.9,3669.61,1.35,39.92,1053.61,4.16,0.1038,0.0632,-0.104,34.29,311,4494204,4038,No
20.62,2553.04,35.8,12.39,46.71,1135.28,5.41,97.61,1029.14,4.6025,0.0818,0.018,-0.166,28.55,6,876001,3057,Yes
27.73,1635.57,31.8,21.82,82.3,1168.26,6.28,82.55,1004.36,5.04,0.0306,-0.012,-0.0638,25.71,6,3935042,5228,Yes
6.5,1169.25,13.37,42.68,167.86,2608.97,1.69,28.31,1058.7,4.5775,0.2474,0.0604,-0.3244,31.57,8,1016520,7135,No
23.12,2165.48,20.53,0.74,50.12,45.14,4.6,57.54,991.22,4.505833333,0.0358,0.0424,-0.1282,36.07,285,1942288,4241,Yes
26.08,2780.81,24.88,-24.44,17.77,1823.92,5.16,67.45,1046.81,4.679166667,-0.006,-0.1598,-0.0037,27.33,9,1206640,6598,Yes
27.5,2216.82,30.01,8.52,14.59,1885.48,4.88,80.91,992.27,5.245833333,0.2127,0.1344,-0.2124,29.97,12,11060148,9558,Yes
14.15,246.03,10.59,-37.39,153.97,2787.39,0.12,33.05,1059.94,4.7975,0.4067,-0.1107,-0.433,36.64,924,378230,2400,No
21.38,2100.85,24.04,-0.56,78.94,1684.04,7.33,58.36,1012.84,5.295833333,0.682,-0.4135,-0.6481,4.34,3058,4779661,13433,Yes
26.49,2375.81,30.06,1.89,36.77,1903.17,5.32,80.95,1014.52,4.6025,-0.0114,0.2028,-0.085,36.77,57,2490656,2683,Yes
2.19,57.5,8.27,-38.3,143.59,3199.28,1.89,1.22,943.16,5.295833333,0.108,0.0938,-0.1135,36.79,84,10009781,4094,No
22.76,2796.17,26.82,37.72,82.82,1518.59,5.06,70.46,983.03,4.6575,0.0908,0.2038,-0.122,27.48,134,2034763,3020,Yes
1.0,142.81,10.69,49.91,155.58,3080.44,0.84,12.71,1053.45,5.225833333,0.0879,-0.0048,-0.1507,29.33,234,1005711,0,No
21.48,2749.79,39.87,-0.94,7.1,630.69,7.09,89.48,992.85,5.295833333,0.1043,0.1023,-0.0921,18.74,205,1597668,4823,Yes
16.67,1678.64,38.6,27.53,34.0,1010.36,7.75,61.32,965.56,4.6575,0.326,0.0535,-0.3978,25.3,184,708972,0,Yes
4.31,1377.09,10.06,-35.92,154.59,2674.31,0.58,35.95,1054.95,5.04,0.0542,-0.0317,-0.0549,33.55,57,958405,1834,No
9.57,815.49,1.72,45.04,107.01,2937.63,3.43,35.14,1057.83,4.485,0.1895,0.0024,-0.2762,39.58,311,1827192,2899,No
4.89,1232.72,14.33,-35.11,127.79,2022.2,0.54,27.84,1052.63,3.489166667,0.2829,-0.0335,-0.3058,25.5,924,1726601,3420,No
4.46,378.79,14.72,-33.34,142.42,3861.18,2.3,30.77,1056.01,5.295833333,0.1248,0.2902,-0.3339,36.93,141,529855,2825,No
5.94,1010.64,8.4,41.38,115.39,2345.08,2.94,18.48,944.51,4.6025,0.131,0.017,-0.1532,36.65,311,733110,8021,No
11.11,399.81,19.38,45.54,143.96,2087.96,0.79,9.38,946.24,4.16,0.1198,0.1147,-0.1679,27.82,512,228291,1766,No
14.28,249.74,4.39,-35.72,121.47,2561.93,0.9,4.03,1059.11,3.9775,0.6795,-0.2295,-0.5961,24.48,20,831668,2012,No
5.3,40.97,1.52,-34.46,174.5,3108.71,0.86,13.56,1056.5,4.505833333,0.3788,-0.0808,-0.3943,26.96,564,2470996,2341,No
20.47,2122.55,21.99,-25.22,6.2,741.01,6.09,85.18,952.55,4.485,-0.0272,-0.3706,0.0896,33.72,219,1082636,3516,Yes
8.92,1391.7,7.88,-38.57,166.08,2651.99,3.24,35.04,944.37,4.964166667,0.4872,-0.094,-0.4615,27.12,349,577817,4325,No
17.75,1610.13,30.07,4.94,20.34,1897.86,5.49,78.43,966.55,4.6025,-0.0442,-0.0301,0.055,35.04,508,1959046,7718,Yes
10.18,107.26,14.86,48.36,129.37,3262.6,2.95,29.11,945.24,4.173333333,0.1784,-0.0232,-0.1851,38.88,190,1696694,3088,No
15.94,2285.05,38.35,10.43,7.1,1971.7,7.76,70.13,955.17,4.485,0.1785,0.0121,-0.1953,34.61,211,74004,1130,Yes
28.33,1777.23,24.56,22.24,40.65,1419.02,5.79,65.31,1012.38,5.094166667,0.6978,-0.3565,-0.637,8.3,3058,990923,2298,Yes
16.93,2940.16,39.25,2.37,59.93,1411.97,5.85,77.97,1000.89,4.5775,-0.0233,-0.1322,0.0458,29.14,15,4772006,3718,Yes
27.35,2749.78,25.7,-13.51,16.71,100.54,6.76,76.24,1028.2,5.146666667,0.4301,-0.2021,-0.4267,23.37,222,900332,1594,Yes
15.26,2741.14,37.03,27.1,18.18,1643.61,7.18,52.85,1016.65,5.04,0.1334,-0.0194,-0.1973,32.59,47,1828730,10640,Yes
0.06,815.33,9.19,49.9,170.07,3856.04,3.36,6.02,1058.71,4.935,0.1278,0.1073,-0.1346,22.81,205,1586625,3386,No
29.25,1770.58,25.74,12.47,0.55,1552.84,7.15,75.26,1011.98,4.4525,-0.004,-0.1099,0.0133,35.29,119,1870374,1684,Yes
2.22,1374.73,9.62,42.45,134.06,3522.93,2.5,7.57,1055.11,5.295833333,0.1795,0.0613,-0.1935,38.4,34,519080,6522,No
1.2,529.53,18.85,44.3,127.68,3848.11,1.36,26.3,940.65,4.6575,0.1104,-0.2145,-0.0771,30.29,116,1036346,5136,No
9.86,1054.05,9.41,-38.08,159.22,2019.64,2.48,24.9,1055.61,,0.3139,0.1109,-0.3932,35.66,227,1760405,3098,No
1.06,501.18,1.31,-33.82,148.84,2790.65,3.48,4.59,940.69,4.6575,0.6435,-0.2457,-0.5589,30.03,37,7214225,8107,No
5.1,1005.94,19.18,-37.05,169.24,2938.79,1.19,46.54,940.02,4.4525,0.6776,-0.146,-0.6276,18.74,3058,1974551,2206,No
4.61,791.54,16.21,49.23,166.49,3892.93,2.19,8.98,1051.38,4.16,0.7139,-0.1633,-0.6435,32.02,890,5838465,3202,No
14.16,945.17,3.74,42.06,160.72,2942.21,1.06,29.93,1056.16,5.3225,0.2819,0.0835,-0.3092,39.13,305,1310061,7352,No
0.85,845.9,8.44,49.03,126.57,3715.41,3.06,31.58,1055.1,4.173333333,0.1991,-0.2034,-0.1338,28.29,133,753745,1361,No
16.4,1799.37,21.44,-2.03,71.89,1686.41,7.73,62.19,1017.67,5.3225,0.4303,-0.0033,-0.4257,23.19,383,4290589,11161,Yes
0.36,697.78,9.14,44.94,102.9,2486.68,0.6,37.72,1056.99,5.421666667,0.0898,0.0848,-0.1889,20.42,215,5099371,3968,No
4.64,98.73,9.84,46.53,143.4,3495.97,2.88,7.69,1059.25,4.815833333,0.1955,0.0879,-0.299,37.22,618,612310,1282,No
2.7,37.08,14.7,49.49,120.83,2187.63,0.27,47.15,1057.23,4.964166667,0.5891,-0.0869,-0.5659,17.65,890,237399,496,No
14.09,1489.38,9.68,-37.54,125.71,3887.01,0.19,41.84,941.44,4.815833333,0.1058,0.0955,-0.1614,32.32,512,383461,5247,No
10.56,512.54,7.38,49.78,130.44,3445.6,1.23,36.25,1057.17,3.489166667,0.0941,0.0208,-0.1611,33.31,309,771639,1052,No
13.74,1383.3,17.88,-34.73,133.21,2131.96,1.03,13.85,1056.92,4.16,0.1566,0.0462,-0.2162,37.76,10,2454196,7157,No
7.32,649.6,14.7,42.17,144.04,3676.32,0.94,22.3,947.63,4.730833333,0.0605,0.105,-0.1626,25.79,553,6107187,15530,No
9.59,830.05,3.03,46.78,118.32,3334.82,1.05,38.26,1055.42,4.255,0.0628,-0.0975,-0.0305,33.9,269,2731929,247,No
27.65,2676.87,33.87,-22.23,63.53,1624.13,4.85,78.13,1049.72,5.146666667,0.3965,-0.001,-0.3849,30.41,90,92076,6040,Yes
12.55,517.48,15.52,41.71,111.76,3304.8,0.07,1.78,943.24,5.094166667,0.0176,0.1496,-0.0291,27.74,57,259898,2241,No
4.39,640.3,5.44,-36.73,158.51,2454.53,0.19,31.85,945.67,4.5775,0.6782,-0.1525,-0.6274,25.85,337,1458248,5524,No
4.95,105.78,13.65,49.02,113.8,2375.87,2.87,17.7,1052.43,5.2525,0.2682,0.0078,-0.3114,21.62,305,1928812,8442,No
1.43,106.9,5.24,46.72,169.88,2879.6,0.16,29.72,945.56,4.5775,0.1766,0.0158,-0.2113,33.36,311,2498156,2407,No
16.05,2064.47,38.79,39.62,20.75,247.65,6.77,89.64,960.24,4.6575,0.08,0.0918,-0.1444,34.11,115,3682713,4561,Yes
24.75,2458.53,31.66,13.23,17.59,1041.62,5.46,78.69,1039.43,5.146666667,0.2556,0.0409,-0.2867,36.96,32,3405559,4609,Yes
13.51,49.35,12.98,-37.93,173.01,3536.83,0.51,42.17,1059.18,4.6025,0.0492,-0.0906,0.1208,30.37,41,1334152,2702,No
0.16,490.45,17.11,47.61,102.8,2322.22,1.24,41.23,942.21,4.765833333,0.054,0.0772,-0.1449,39.61,234,3301427,2189,No
29.08,2161.88,31.47,13.58,40.36,1849.4,4.5,54.14,1043.52,4.6025,0.3832,0.0662,-0.4407,22.16,943,1703300,5448,Yes
5.08,780.82,11.96,44.79,132.71,2969.84,1.66,33.56,948.55,4.6575,0.2988,-0.1298,-0.2449,29.71,277,887142,3296,No
11.1,409.03,12.15,-32.12,113.37,2915.42,1.36,27.2,1051.49,5.094166667,0.29,-0.0408,-0.3186,31.72,211,3003741,10480,No
25.8,1703.1,36.11,11.37,79.97,1619.19,7.01,69.74,956.69,3.489166667,0.1701,0.0864,-0.2383,39.99,34,658917,6604,Yes
21.55,2083.77,27.63,14.04,32.85,1653.41,5.78,76.94,956.76,5.295833333,0.0676,0.0733,-0.1415,19.43,612,2452595,8461,Yes
21.9,2132.45,31.67,-25.02,12.49,1716.06,5.84,77.65,1031.33,4.899166667,0.2827,-0.1635,-0.213,27.06,335,1701698,9229,Yes
10.92,711.55,7.04,-36.08,144.25,3295.12,0.06,25.5,1058.3,4.6575,0.1901,0.0707,-0.2365,40.09,474,1329672,2246,No
10.84,364.77,1.72,-34.09,169.2,2365.55,2.51,0.11,946.74,4.815833333,0.0812,-0.0727,-0.0559,29.03,315,2914253,5097,No
10.92,229.14,16.88,-38.46,136.48,2375.35,2.84,1.68,946.07,5.2525,0.6365,-0.1845,-0.6159,30.69,335,4174064,15152,No
12.23,1250.35,4.3,44.08,129.22,2220.79,0.7,4.98,1053.16,4.173333333,0.0934,0.0642,-0.1528,28.25,309,849651,5207,No
4.74,1102.72,4.62,44.87,138.65,3060.64,0.34,0.95,947.46,5.3225,0.0715,0.0436,-0.1684,26.96,6,2583052,8481,No
9.64,1148.43,4.19,-33.52,174.91,2249.39,0.13,31.44,941.18,5.421666667,0.2722,-0.0625,-0.2369,37.51,95,1335551,4498,No
2.94,1277.44,13.24,44.27,99.09,2829.51,3.18,28.45,1056.35,5.3225,0.1036,-0.0563,-0.0756,24.79,0,3487731,5237,No
1.02,743.18,12.39,45.74,174.91,2437.3,1.14,38.95,942.48,5.146666667,0.0573,0.0567,-0.1558,39.14,285,1340411,5535,No
0.74,511.26,16.14,41.96,134.33,2065.03,0.03,31.25,948.95,4.6575,0.0186,0.0502,-0.0438,35.6,285,4418797,4041,No
10.79,566.66,7.36,48.38,127.96,2470.61,3.42,20.03,1057.33,4.485,0.1144,0.0019,-0.1018,37.15,15,3458873,7194,No
13.29,194.17,15.68,-31.5,107.9,2238.69,3.42,36.57,943.02,5.146666667,0.2106,0.0308,-0.2197,24.68,90,4801062,3172,No
8.91,1321.77,17.96,-31.37,157.65,2079.15,2.7,5.27,1051.66,5.2075,0.1067,0.0879,-0.1101,24.87,119,1959046,7718,No
3.79,621.57,16.17,46.31,118.49,2906.91,1.34,7.06,1055.88,5.249166667,0.0568,0.3103,-0.0908,36.93,9,861766,0,No
13.21,990.86,14.77,46.69,136.05,3430.89,3.15,39.42,948.34,5.3225,0.1335,0.0518,-0.1701,30.27,318,3077233,6693,No
11.38,727.53,9.98,47.82,177.63,2185.07,1.23,37.91,1052.33,5.249166667,0.102,0.076,-0.1359,32.74,309,990923,2298,No
15.07,2045.63,22.73,-16.95,45.3,55.83,6.72,76.0,978.61,4.4525,0.2742,0.0539,-0.2663,35.1,208,580320,1936,Yes
17.48,2387.69,26.72,11.89,52.85,1569.06,6.59,81.86,1004.64,4.7975,0.2803,0.0052,-0.3013,32.91,554,1776421,6814,Yes
1.13,256.27,11.14,44.89,112.61,3940.15,1.54,26.36,1053.01,4.6575,0.0588,0.0084,-0.1325,31.05,234,954605,4251,No
9.81,344.46,17.42,-32.5,112.47,3085.6,2.94,32.06,944.67,4.964166667,0.1234,0.0241,-0.1903,38.96,311,2365106,6314,No
18.27,2604.42,32.89,-27.2,67.88,869.01,7.1,77.42,1025.1,5.295833333,0.1416,0.1206,-0.1713,24.33,512,314667,1719,Yes
27.52,2354.77,32.48,-28.73,51.68,1524.13,7.05,83.33,992.03,3.489166667,0.0001,-0.127,0.0439,33.71,63,2445474,4962,Yes
21.08,2911.18,36.0,30.03,38.85,406.64,4.6,89.2,967.62,5.094166667,0.4258,-0.0664,-0.4583,39.8,441,1969168,10978,Yes
3.53,295.13,16.38,43.78,130.4,2235.28,3.1,3.11,942.85,5.249166667,0.0191,-0.1924,0.0345,35.43,10,1127033,4851,No
4.31,88.42,0.04,41.65,101.36,2459.3,0.43,34.33,1056.12,4.679166667,0.2,0.1258,-0.1977,35.63,12,749237,3747,No
12.81,940.45,13.46,-35.35,92.52,2712.6,2.76,31.63,941.44,,0.0857,0.029,-0.133,35.36,5,2562012,2033,No
0.14,1031.24,1.68,44.32,163.88,2157.25,2.58,29.8,1057.48,5.04,0.1497,0.2133,-0.2019,32.44,0,391605,8030,No
20.43,2285.47,30.78,-5.0,15.06,108.56,7.87,98.71,954.02,4.173333333,0.4359,-0.175,-0.4112,29.25,13,957423,1551,Yes
1.54,425.91,4.32,-31.73,138.02,3441.61,3.31,9.79,1056.23,,0.471,-0.021,-0.5267,41.98,337,1703300,5448,No
19.93,1732.43,35.66,37.73,29.22,1398.26,4.36,58.89,960.99,4.255,0.2592,-0.0249,-0.2725,32.59,564,2684487,2040,Yes
10.68,47.58,7.37,-32.22,161.14,2237.95,2.01,48.36,1052.47,5.249166667,-0.0247,-0.3531,0.0756,28.33,10,1626384,3332,No
11.69,1214.56,12.24,42.25,167.33,2451.32,0.69,33.78,1052.31,5.2525,0.7848,-0.1942,-0.6669,21.11,1406,4801062,3172,No
21.52,2023.96,29.07,-3.29,70.93,123.35,6.22,77.94,1038.71,4.255,0.0903,-0.0241,-0.0604,34.78,588,0,0,Yes
11.66,520.51,0.36,42.75,164.85,2806.45,0.49,46.05,948.02,4.6575,0.1238,-0.105,-0.0744,34.51,41,2959918,3881,No
3.11,671.23,8.52,47.31,129.5,3738.36,2.94,7.24,1052.06,4.935,0.3298,-0.0975,-0.3478,27.5,924,3876001,7685,No
16.99,2219.83,32.49,12.0,37.81,478.89,7.82,62.9,1033.53,4.935,0.2892,-0.0022,-0.2679,23.75,90,4850029,1467,Yes
7.53,465.83,3.26,-38.36,111.47,2815.43,0.7,15.87,1058.4,3.9775,0.1945,0.1479,-0.2064,24.34,399,476835,1674,No
16.82,2991.35,22.55,-22.52,50.8,1993.79,6.35,94.86,997.71,4.679166667,0.2603,-0.1146,-0.2553,32.13,14,700843,638,Yes
7.74,117.21,8.25,-36.12,122.2,2699.24,1.59,32.56,941.85,4.7975,0.1448,0.1211,-0.2411,35.06,125,5095875,4713,No
26.97,2479.29,33.81,-1.81,53.07,830.62,6.7,51.12,1010.9,4.6575,0.1944,-0.0538,-0.2632,25.19,224,2037573,12387,Yes
9.45,137.76,10.43,-36.56,146.75,3336.86,1.89,16.11,946.48,4.485,0.3022,0.0085,-0.3234,34.23,34,1799410,4408,No
23.08,2976.02,24.59,35.0,18.02,1347.63,5.9,73.03,954.96,5.146666667,0.0555,0.1019,-0.1395,39.24,215,4496694,185,Yes
28.83,2551.64,39.67,16.38,81.49,88.44,4.55,82.72,1026.7,5.245833333,-0.0303,-0.2034,0.0898,27.01,14,1862559,6905,Yes
4.18,913.13,17.69,-33.02,125.6,2037.42,2.66,26.24,1052.99,5.094166667,0.2609,0.0514,-0.341,35.08,95,2678980,10597,No
0.75,321.94,12.5,49.98,108.58,3674.74,0.43,18.94,1052.18,4.935,0.2952,-0.0622,-0.329,33.39,74,2378458,10252,No
14.19,430.3,14.52,44.69,112.87,3169.21,1.04,49.44,1051.23,5.245833333,0.1884,-0.0947,-0.146,21.24,116,145726,5212,No
22.77,1867.64,28.55,-19.71,3.15,1500.16,6.05,78.01,1011.65,5.3225,0.0616,0.0221,-0.1168,32.76,5,1571022,0,Yes
5.77,359.24,14.79,-39.3,107.19,3638.18,3.32,3.6,944.12,4.16,0.7192,-0.2975,-0.637,31.23,37,1813906,5676,No
2.64,1076.48,13.21,-35.09,160.6,2570.48,3.04,2.8,943.18,4.9925,0.175,0.0642,-0.2437,39.62,38,3676841,1535,No
20.74,2510.72,20.61,35.14,25.13,1026.98,7.35,50.61,969.41,4.7975,0.1768,0.0461,-0.1803,32.04,230,74004,1130,Yes
25.4,1853.74,30.73,33.9,86.37,1800.86,5.59,91.25,1036.84,4.505833333,0.2545,-0.1912,-0.2405,27.02,147,242285,1984,Yes
19.77,2142.36,39.65,-19.75,28.98,1130.57,5.05,99.99,994.58,4.9925,0.2241,0.0753,-0.3261,32.12,445,600163,1180,Yes
27.14,2305.16,25.14,-10.78,66.35,575.57,4.82,66.02,1025.54,,0.2118,-0.0474,-0.2376,33.12,52,3086293,2345,Yes
17.44,2679.71,21.09,26.51,80.96,1746.88,4.37,90.43,1045.35,5.2075,-0.0599,-0.1828,0.1004,29.55,512,1214205,1768,Yes
24.61,2500.0,34.95,2.17,38.55,1951.61,5.55,65.27,1021.75,5.249166667,0.0467,0.0753,-0.0649,36.12,318,3108367,4558,Yes
11.66,675.65,6.47,-33.02,98.43,3365.58,2.23,33.43,948.02,5.3225,0.1949,0.0135,-0.2361,27.48,190,1698730,3479,No
4.46,854.48,0.61,41.06,178.14,3911.14,2.52,29.89,948.01,4.815833333,0.6963,-0.1679,-0.6518,33.88,337,2037573,12387,No
5.24,388.28,1.92,-37.81,130.66,3988.34,2.58,16.25,1051.93,4.7975,0.1306,-0.0872,-0.0952,35.12,27,2092371,45674,No
9.27,815.1,2.18,-36.38,113.56,2480.97,1.14,17.84,947.57,5.2525,0.1004,0.0819,-0.1403,38.66,588,2819086,3387,No
27.66,2854.99,33.52,11.37,68.18,1082.66,6.64,67.48,969.34,4.815833333,0.0605,0.105,-0.1626,25.79,553,1502338,7224,Yes
2.49,705.3,3.16,41.81,165.27,2031.63,0.45,11.86,943.82,4.16,0.0943,0.067,-0.189,23.67,220,3361292,10528,No
22.67,2140.2,25.87,-12.22,5.09,81.75,7.14,88.78,1013.68,4.9925,0.1335,0.0518,-0.1701,30.27,318,2365106,6314,Yes
5.28,1198.35,4.92,-36.73,163.94,2543.89,1.23,1.54,1058.0,4.815833333,0.4097,-0.0613,-0.4151,27.77,349,1666886,1486,No
28.06,2012.36,39.16,4.68,8.95,1516.47,7.7,55.7,1020.43,4.173333333,-0.0123,-0.2187,0.0399,23.69,890,1799410,4408,Yes
2.38,780.72,13.74,-34.89,106.6,2444.09,1.31,45.09,942.16,4.815833333,0.0084,-0.0518,-0.0162,17.41,220,83955,1382,No
18.67,2228.43,34.93,30.8,86.36,611.65,6.26,60.82,1004.16,3.9775,0.1223,0.088,-0.1856,34.1,318,1311332,6578,Yes
15.86,2185.91,28.23,38.62,57.66,1267.87,6.53,53.06,977.05,4.899166667,0.1135,-0.0748,-0.0286,32.21,215,5838465,3202,Yes
25.24,1627.21,24.21,10.12,7.05,1126.36,7.47,62.17,1041.64,5.295833333,0.0699,0.1065,-0.1369,35.84,512,610382,3852,Yes
17.6,2131.91,24.62,35.6,56.52,479.98,5.22,56.47,975.63,5.295833333,0.2289,0.118,-0.2444,35.62,12,1080858,0,Yes
3.84,308.72,1.63,-39.74,104.61,3599.4,3.02,25.79,943.02,4.4525,0.0281,0.2509,-0.0679,34.29,9,6107187,15530,No
9.1,127.77,14.09,-40.0,128.43,3986.35,1.11,28.24,1057.12,4.255,0.2662,-0.0356,-0.308,37.77,318,1951014,5217,No
25.81,1950.95,21.13,-10.49,0.22,58.61,4.85,53.47,1036.74,4.255,0.2135,0.107,-0.2764,30.54,9,3260699,4402,Yes
25.8,2294.24,21.54,-19.16,49.51,313.14,4.4,89.09,1032.81,5.225833333,0.2829,0.0307,-0.3717,39.39,95,954605,4251,Yes
5.15,174.8,17.53,-36.89,134.13,2193.65,2.92,13.03,943.56,5.245833333,0.3746,-0.1596,-0.3238,24.53,890,1762375,8687,No
10.33,982.16,16.43,-37.83,133.06,2767.05,2.4,2.26,1055.13,4.899166667,0.2309,0.0246,-0.2699,29.23,311,2731929,247,No
23.44,2507.52,27.16,-21.23,60.87,373.54,4.19,91.35,958.45,5.421666667,0.3195,-0.13,-0.2766,35.43,212,774549,0,Yes
16.35,2020.08,20.99,0.17,16.56,792.46,6.87,82.01,963.56,3.9775,0.2266,0.0895,-0.2552,29.35,21,560440,1086,Yes
15.36,1872.04,34.24,-2.91,27.69,281.59,4.44,81.54,1047.96,4.5775,0.1244,0.1415,-0.1981,40.14,318,1657576,7569,Yes
25.78,1726.09,23.77,19.22,55.28,393.46,4.54,66.63,999.72,4.6575,0.2269,-0.0779,-0.2133,29.74,222,1512681,6195,Yes
3.35,697.08,17.2,49.52,127.17,2814.11,1.57,35.11,943.73,4.899166667,0.0463,0.0353,-0.0286,24.36,12,3405559,4609,No
28.67,2266.84,32.22,-18.24,34.7,740.5,6.61,69.36,970.21,4.5775,-0.1516,-0.0002,0.1796,31.55,230,3443689,2559,Yes
3.12,1013.2,13.25,41.36,126.18,3973.82,2.81,37.78,948.93,4.505833333,0.0893,-0.176,-0.0537,31.61,20,1150567,2063,No
27.59,1916.69,30.39,-1.63,49.13,681.15,5.29,70.87,994.45,5.3225,0.3053,-0.1842,-0.2298,26.38,133,4063872,12383,Yes
2.88,807.29,6.57,-32.53,128.86,3956.3,0.42,38.87,943.2,5.421666667,0.1972,0.0709,-0.2717,27.51,618,1421326,7194,No
5.23,1191.32,4.32,48.06,99.54,2130.95,2.14,20.32,1053.49,4.173333333,0.4952,0.0015,-0.5539,28.22,184,749237,3747,No
23.57,2427.24,25.33,-14.31,13.05,1996.4,5.7,77.99,1034.7,5.2525,0.1512,0.0723,-0.245,38.04,78,2344474,6539,Yes
15.23,2691.14,29.87,9.22,29.2,316.64,4.08,60.48,968.23,4.173333333,0.3674,0.0514,-0.3705,34.68,21,1421326,7194,Yes
16.8,1779.94,20.8,15.27,6.1,93.06,4.93,71.08,959.86,5.2075,0.4718,-0.0115,-0.49,23.3,643,754894,1940,Yes
1.38,1440.59,11.34,46.24,139.86,3005.42,0.27,42.46,1058.75,4.16,0.8174,-0.3132,-0.7064,28.49,37,1965970,4989,No
29.11,2280.97,25.13,0.49,51.82,570.37,4.67,90.55,991.77,4.505833333,0.239,0.0813,-0.3311,30.7,245,867848,4449,Yes
28.42,2463.13,20.72,28.74,53.45,1544.19,5.76,97.66,974.52,4.964166667,0.4663,-0.0015,-0.4536,29.13,147,1648295,5955,Yes
0.47,506.16,3.86,44.78,134.18,3473.05,0.63,33.64,1056.65,4.679166667,0.4578,-0.0049,-0.476,24.61,277,1599596,1779,No
7.26,785.39,2.08,47.42,162.71,2296.46,2.93,28.89,947.01,4.173333333,0.0983,0.0949,-0.135,27.45,115,1586625,3386,No
4.72,1392.15,0.91,45.74,110.61,2538.11,2.18,7.62,1059.11,4.730833333,0.0831,0.0813,-0.1292,38.84,508,1343734,5792,No
8.66,230.41,9.96,-35.52,117.86,2184.49,0.1,27.49,948.34,4.173333333,0.1455,0.2782,-0.3183,32.92,141,214102,4888,No
18.49,2587.08,27.95,21.63,84.12,689.75,5.15,89.36,1006.79,5.146666667,0.1644,0.006,-0.2143,36.82,311,515812,0,Yes
9.08,1495.31,0.52,-39.71,140.77,3868.85,3.35,10.76,1058.6,4.935,0.1055,0.1159,-0.1999,32.94,180,1104285,4021,No
4.83,1150.73,5.64,41.15,92.72,3822.86,0.92,30.03,1057.21,5.225833333,0.1628,-0.0003,-0.1465,31.92,305,521173,1540,No
22.69,2176.61,22.74,-18.92,39.58,1574.83,4.36,71.12,968.17,4.815833333,0.2024,0.0227,-0.2456,26.23,311,517992,519,Yes
8.15,36.59,14.84,42.15,138.5,2895.16,1.79,12.69,940.94,4.173333333,0.0386,0.1031,-0.0961,37.78,132,1774692,9656,No
27.75,2053.44,29.72,34.53,77.3,247.63,5.47,54.98,962.93,4.730833333,0.2838,0.1145,-0.4273,31.66,184,991730,3216,Yes
3.0,344.18,7.39,43.43,100.23,3318.39,3.12,7.06,942.37,4.255,0.1133,0.2555,-0.1777,33.35,0,54080,3900,No
17.63,1776.32,30.31,5.01,59.73,1874.9,7.21,77.95,984.62,,0.0784,0.1436,-0.1595,39.0,228,1064570,4657,Yes
0.14,430.81,15.57,42.72,175.38,3734.42,1.91,41.93,1052.33,5.146666667,0.1989,0.0422,-0.2608,36.61,205,3466382,3689,No
7.67,1291.59,1.38,44.12,121.64,3948.43,2.44,33.54,944.44,5.245833333,0.1115,0.2559,-0.1938,33.75,134,2634200,7152,No
15.95,1570.23,27.94,-6.49,88.29,1805.94,5.52,52.29,1027.0,5.245833333,0.2484,0.0162,-0.3175,41.55,318,1618416,0,Yes
24.48,2079.49,38.01,-9.25,33.57,730.38,7.34,90.48,1039.38,4.173333333,-0.0039,0.0002,0.0129,31.63,21,140651,4391,Yes
20.35,2795.52,39.62,24.57,9.57,1347.09,4.35,80.74,1036.7,4.679166667,0.0256,-0.1172,0.0047,31.2,227,250260,1786,Yes
19.76,2147.32,26.46,-13.51,84.11,978.36,4.34,99.6,1049.43,5.225833333,0.3848,0.1877,-0.4913,28.14,147,2159775,6036,Yes
23.52,2396.99,32.98,24.43,42.74,572.11,6.04,63.92,952.45,4.815833333,0.0849,0.1902,-0.0685,33.98,9,1401639,0,Yes
25.46,1981.86,32.45,-10.87,20.71,668.3,4.26,81.38,1031.2,4.964166667,0.0544,0.0796,-0.0967,32.69,15,554985,2637,Yes
4.47,321.13,12.99,42.28,171.89,2913.36,3.45,21.24,1059.97,5.3225,0.2001,0.0777,-0.2417,38.06,21,5519145,3149,No
17.9,2408.71,36.17,28.5,48.49,1440.01,5.42,72.49,968.77,5.245833333,0.5192,-0.122,-0.5471,28.46,335,1331597,8466,Yes
25.9,2625.29,22.34,-14.28,25.69,1441.99,4.22,95.23,1004.11,4.4525,0.4212,0.039,-0.4073,21.34,383,3682713,4561,Yes
5.74,586.97,11.74,48.97,131.34,3419.73,1.31,11.96,1058.43,5.2075,0.3902,-0.0513,-0.4158,28.35,349,1326335,3381,No
27.32,2747.59,26.21,7.08,39.26,670.43,7.09,76.38,998.17,4.173333333,0.0992,0.0256,-0.0796,31.85,34,125745,3185,Yes
13.23,1150.79,8.93,-32.47,147.0,3734.37,2.96,18.1,946.88,3.9775,0.0608,0.0945,-0.1377,36.68,228,849651,5207,No
28.07,1603.22,33.59,16.6,54.47,712.36,5.26,94.94,1008.0,4.815833333,0.0687,0.075,-0.0942,32.25,512,2583052,8481,Yes
14.04,1263.09,10.76,46.22,166.83,3367.43,1.12,28.34,944.81,,0.2059,-0.0654,-0.1765,28.93,383,1295189,4277,No
10.76,670.69,12.72,-38.85,109.2,3210.49,1.6,19.76,943.84,5.04,0.1549,0.0318,-0.2189,27.68,78,1343734,5792,No
0.72,1308.79,5.34,47.89,136.94,2556.77,3.3,29.92,943.01,4.5775,0.3071,-0.0931,-0.3077,30.07,335,1659456,8436,No
7.22,879.54,6.32,46.08,120.7,2938.73,3.4,8.28,1053.34,5.04,0.2689,-0.0459,-0.328,36.34,318,1797485,4522,No
0.86,507.84,9.87,-31.22,169.22,3227.76,0.16,27.89,944.37,5.2525,0.6507,-0.2879,-0.6293,26.21,227,622506,3144,No
28.7,2843.93,28.01,2.99,79.59,1708.11,7.19,78.63,1012.55,5.225833333,-0.0214,-0.1524,0.0608,33.31,285,3804558,11198,Yes
6.58,639.64,18.02,-38.21,116.84,2628.3,2.2,39.64,1055.23,4.16,0.299,-0.0794,-0.3268,28.84,52,2586258,9661,No
16.42,2332.72,32.81,14.55,49.4,690.37,6.04,73.04,971.28,4.765833333,0.758,-0.4358,-0.6593,18.88,181,274143,4570,Yes
11.22,684.19,8.99,-39.74,126.81,3717.71,0.85,26.04,1055.98,4.9925,0.0767,0.0709,-0.0965,27.11,115,517992,519,No
25.25,2287.44,28.09,-24.04,1.45,1668.15,4.34,63.76,1048.85,4.505833333,0.1122,0.0215,-0.1211,34.5,553,1222755,6992,Yes
27.97,2630.31,23.77,8.38,1.43,1535.01,5.26,82.16,987.36,4.935,0.0715,0.0436,-0.1684,26.96,6,1313551,2266,Yes
17.57,2848.59,23.26,-9.49,70.86,1806.27,7.27,87.71,1018.3,4.964166667,0.2081,-0.0139,-0.2765,37.97,224,1241519,6390,Yes
20.07,2305.46,39.21,2.57,24.53,1978.45,7.82,86.65,1003.89,4.16,0.0929,-0.0053,-0.0924,24.07,90,391605,8030,Yes
11.12,326.42,19.36,48.43,159.4,3203.57,0.38,44.91,1052.41,5.04,0.0899,0.0325,-0.1643,35.75,285,3301427,2189,No
23.6,2648.21,31.86,17.04,42.02,1828.38,7.79,71.0,969.97,4.679166667,0.5214,-0.2428,-0.462,28.61,133,1657576,7569,Yes
17.49,1860.74,31.99,27.99,49.44,829.01,5.27,67.82,1042.54,5.04,0.1242,-0.0553,-0.1855,30.14,47,990923,2298,Yes
23.87,1910.36,25.02,37.32,69.71,567.7,4.91,52.43,1024.54,4.16,0.2862,-0.0016,-0.2854,23.58,41,4543159,17048,Yes
2.39,486.05,8.21,45.18,135.38,3907.81,0.82,2.15,1054.31,4.964166667,0.258,0.0207,-0.3054,36.22,95,616435,2502,No
9.16,357.14,15.87,43.43,102.34,2050.9,2.1,31.84,943.26,4.765833333,0.0479,0.1242,-0.0669,27.88,508,55626,30,No
3.65,1461.1,15.52,-36.4,106.19,2229.63,2.53,10.16,944.23,4.765833333,-0.0512,-0.1637,0.0604,35.59,14,1300774,6309,No
6.43,1470.36,12.19,47.98,130.65,3211.83,2.01,32.01,941.5,5.225833333,0.1247,0.0366,-0.1488,29.08,38,2548462,5066,No
17.03,2012.35,30.76,-3.73,30.89,1631.89,7.57,82.35,984.03,4.505833333,0.0712,0.198,-0.2064,28.99,553,1648115,1282,Yes
3.58,1346.29,2.77,-35.41,168.51,2797.88,0.86,4.06,943.99,4.485,0.2979,-0.058,-0.329,27.1,318,1799410,4408,No
0.59,1022.2,16.7,48.85,158.48,3058.99,2.07,38.57,942.0,4.173333333,0.4668,-0.093,-0.4346,28.78,349,529855,2825,No
7.35,328.88,17.9,41.18,131.62,3188.76,3.43,18.72,944.51,4.7975,0.1323,0.1687,-0.1697,32.44,12,684627,1356,No
13.0,737.29,18.2,-37.29,160.36,2531.71,0.93,3.26,947.99,4.815833333,0.2426,0.0507,-0.2732,39.8,208,1616450,2569,No
2.68,489.85,15.86,-33.35,138.91,3996.71,2.83,21.0,1059.2,5.2525,0.1159,0.1096,-0.2009,36.28,230,3676841,1535,No
13.35,1171.46,11.68,48.11,122.46,2434.48,2.78,18.6,948.6,4.9925,0.0895,-0.0314,-0.0855,31.4,417,1016520,7135,No
9.02,995.29,9.54,47.68,132.22,2918.06,2.54,14.63,1058.77,4.899166667,-0.111,-0.1444,0.1592,26.49,512,1705678,3008,No
21.69,2637.79,33.51,33.41,20.97,786.15,7.16,82.11,973.02,3.9775,-0.0727,0.0793,0.0973,32.7,12,176573,3462,Yes
25.04,1895.36,27.29,4.91,83.17,1433.61,4.59,75.58,1033.91,4.505833333,0.553,-0.0378,-0.5278,27.53,181,2127086,3642,Yes
23.91,2195.91,39.61,14.41,69.68,22.95,5.11,57.82,961.0,4.505833333,0.2421,0.0216,-0.1828,29.36,417,1648295,5955,Yes
23.09,1901.29,38.18,21.65,79.8,1957.27,6.44,77.22,1019.12,4.6025,0.0054,0.0551,0.0231,15.53,1595,343709,491,Yes
7.74,59.68,4.59,-31.47,177.79,3336.02,3.02,22.4,940.78,4.935,0.3376,-0.0563,-0.3944,20.55,277,1736617,3786,No
0.49,1102.36,17.12,41.46,149.55,3705.69,1.94,17.59,1059.25,5.04,0.7381,-0.2654,-0.6498,26.38,116,1959046,7718,No
10.74,823.64,13.07,-37.06,173.13,2720.17,1.61,16.35,943.3,5.2075,0.0783,0.0691,-0.0603,32.27,119,166343,1628,No
4.7,705.92,14.66,-39.74,167.57,3300.26,0.71,25.02,1056.87,4.935,0.1529,-0.1002,-0.1704,23.32,47,2547184,3340,No
28.73,2699.57,28.85,-11.64,53.49,868.74,7.44,84.8,992.19,3.9775,0.1707,-0.0023,-0.2723,18.88,78,214102,4888,Yes
8.06,999.13,9.11,-32.34,130.24,2662.8,0.36,43.61,1053.23,5.225833333,0.2257,0.0103,-0.2668,20.96,90,967911,7073,No
16.79,2958.09,28.8,-5.86,34.64,410.3,5.29,58.37,1032.52,4.7975,0.5695,-0.3257,-0.5168,28.57,37,1340411,5535,Yes
25.57,1996.51,32.13,-17.35,88.2,1906.73,7.12,78.42,1033.87,5.04,0.2186,-0.0113,-0.2564,19.48,211,1295189,4277,Yes
4.84,1361.19,10.2,-39.12,133.36,2607.78,0.1,43.21,946.4,5.249166667,0.0337,0.0487,-0.0693,19.89,280,1080858,0,No
25.78,2098.03,27.06,25.61,36.02,667.25,6.7,87.45,964.07,4.815833333,0.0695,0.1042,-0.1797,31.42,285,2090922,11815,Yes
20.26,2504.54,23.42,17.88,51.69,313.75,6.85,67.8,954.3,5.3225,0.068,0.0083,-0.0414,37.13,119,0,0,Yes
15.07,1660.09,37.67,-20.78,0.98,810.1,6.96,60.03,1001.35,5.2525,0.1399,0.1137,-0.2174,35.64,508,876001,3057,Yes
15.9,1619.36,38.8,8.9,44.59,1448.92,7.43,80.9,1048.37,3.489166667,0.0273,-0.3907,0.0001,36.45,208,739448,0,Yes
26.27,2739.53,27.5,-23.3,19.14,1874.74,6.09,51.72,1018.39,4.255,0.2098,0.1302,-0.2687,39.76,618,1696694,3088,Yes
21.31,2197.63,26.84,19.89,66.02,520.61,5.09,92.33,1024.12,4.6575,0.0881,0.0822,-0.1806,35.57,280,754894,1940,Yes
12.14,117.7,11.93,46.32,146.66,2751.3,2.91,26.23,1058.54,5.249166667,0.5423,0.0295,-0.591,29.87,184,515812,0,No
23.43,2107.62,22.03,-16.07,54.91,1441.48,6.53,66.23,988.84,5.2075,0.2936,-0.091,-0.2705,37.51,305,4081148,19130,Yes
18.52,1500.62,21.11,-9.47,42.12,942.19,7.05,96.29,979.45,4.173333333,0.5541,-0.1803,-0.4544,28.03,890,3260699,4402,Yes
20.58,1800.36,31.71,33.76,45.96,1909.44,7.92,80.71,979.11,4.6575,0.1208,0.0705,-0.1382,21.24,125,887978,61,Yes
16.92,1844.15,28.29,-27.8,48.65,1543.0,5.19,74.32,953.41,5.421666667,0.1331,0.0831,-0.1261,27.49,12,163418,2026,Yes
12.01,1326.42,6.77,45.67,95.68,3549.83,1.81,33.69,1055.83,5.3225,0.1237,0.1403,-0.2144,34.27,508,3001127,6307,No
3.28,837.02,4.45,-32.39,118.75,2688.97,0.9,10.06,1054.5,4.679166667,0.0272,-0.1346,0.0063,29.24,9,1514432,1258,No
8.96,1090.05,9.87,-32.75,102.45,3601.54,2.92,23.98,1051.62,4.935,0.0824,0.0438,-0.1569,22.8,280,6081322,4549,No
4.16,1479.21,3.43,42.99,91.66,3177.55,0.67,27.55,1052.47,4.7975,0.0881,0.1891,-0.0857,29.95,9,1110906,5776,No
24.58,2406.54,22.3,7.5,84.28,1753.63,7.65,94.77,1010.44,5.295833333,0.0801,0.0745,-0.184,30.2,280,476835,1674,Yes
8.1,621.73,1.28,46.71,116.28,3210.06,0.89,11.91,940.61,4.935,0.0797,-0.165,-0.053,32.81,15,1965970,4989,No
5.28,465.0,12.38,-35.19,116.04,3980.04,3.17,23.35,948.23,4.935,-0.0266,-0.0963,0.0322,8.9,1595,1619707,3853,No
9.78,869.59,12.1,48.87,103.72,2690.91,1.27,21.56,1058.69,,0.3241,-0.1159,-0.2952,23.68,20,2050862,7195,No
23.07,2328.15,33.45,-26.38,25.45,1184.67,4.74,62.74,991.69,4.815833333,0.1679,-0.6891,-0.1225,-6.12,3058,1715183,1646,Yes
1.7,1323.88,7.21,-33.01,120.8,3657.73,1.99,46.46,944.87,5.2075,0.1403,0.2703,-0.3356,38.37,141,200222,157,No
22.05,2286.77,23.18,-12.24,86.16,1425.95,5.58,87.77,954.95,5.2525,0.0966,0.1141,-0.1694,39.83,215,1082636,3516,Yes
26.81,2431.85,26.09,33.61,78.99,849.47,5.43,67.19,1024.46,5.225833333,0.1129,0.1307,-0.193,26.39,399,642415,2630,Yes
25.05,1688.02,38.04,26.48,56.07,1992.08,7.71,70.82,954.68,5.146666667,0.0535,0.1692,-0.1136,34.31,747,7214225,8107,Yes
5.27,539.44,15.97,-31.28,121.19,3252.89,1.97,11.18,1054.04,4.815833333,0.7186,-0.1603,-0.6085,35.68,383,456113,709,No
22.72,2054.88,23.31,21.96,50.12,32.47,7.3,60.2,967.6,5.249166667,0.2,0.1258,-0.1977,35.63,12,112274,8325,Yes
22.54,1780.68,29.96,-12.99,63.75,298.86,7.06,77.16,1017.91,4.6575,0.174,-0.0268,-0.096,35.68,512,7717563,7024,Yes
12.92,943.59,11.6,-31.18,178.44,2518.44,1.41,29.65,940.77,5.249166667,0.1559,0.002,-0.2407,25.17,78,617508,1458,No
8.02,589.91,15.72,-39.84,169.94,3076.18,2.54,14.29,947.91,4.5775,0.4578,-0.0049,-0.476,24.61,277,4681645,1179,No
22.44,2560.6,29.02,28.26,27.07,415.6,6.85,68.46,967.71,4.6025,0.1408,-0.0093,-0.1394,32.68,224,2359886,15732,Yes
4.61,731.66,2.92,-32.64,157.39,3034.63,2.43,35.05,1059.81,4.485,0.3203,0.0181,-0.32,31.56,90,343709,491,No
22.42,2900.28,38.81,35.05,67.12,295.18,4.58,56.48,1019.12,4.173333333,0.1062,0.1559,-0.1582,27.46,63,1986864,6091,Yes
6.66,784.84,6.73,43.73,173.46,3488.12,2.44,44.82,943.56,4.935,0.2446,0.0618,-0.2523,25.77,208,1020791,5648,No
26.39,2047.16,30.94,-23.98,76.11,348.72,5.31,50.58,980.57,4.173333333,0.1959,0.0355,-0.2179,34.23,34,1150567,2063,Yes
27.06,2162.27,26.07,3.7,53.04,1498.58,4.82,73.18,964.29,4.935,0.5588,-0.1208,-0.5688,24.1,337,1025048,3600,Yes
19.24,1899.2,38.21,0.92,16.98,1914.39,4.05,67.06,1045.3,4.6025,0.4716,-0.1837,-0.5029,29.51,181,2251673,2813,Yes
25.1,2398.53,35.71,-23.91,26.96,420.71,5.39,52.86,988.34,4.6575,0.1356,0.119,-0.1731,39.55,34,259898,2241,Yes
14.48,40.41,9.69,47.26,108.31,3408.59,3.44,46.71,944.51,5.146666667,0.154,0.042,-0.2085,28.91,8,1388525,3353,No
28.05,1596.07,28.43,-0.62,86.67,455.98,4.14,59.81,1043.22,4.173333333,0.6451,-0.2426,-0.6181,25.82,337,566376,0,Yes
0.82,465.81,10.83,-34.74,150.29,3749.03,0.61,47.6,1056.67,4.679166667,0.1242,0.0071,-0.183,33.97,47,1005711,0,No
27.24,2530.29,20.37,-2.74,48.29,1487.01,7.11,61.34,1004.22,4.173333333,0.5567,-0.0404,-0.583,35.39,245,2408523,10455,Yes
16.95,2955.52,24.15,-4.5,11.01,1906.92,6.39,80.1,975.17,5.04,0.0264,-0.0365,0.0104,31.24,242,826067,4256,Yes
5.71,1475.93,8.45,-35.71,99.01,3934.36,2.95,43.62,946.57,4.899166667,0.0324,0.051,-0.0307,33.81,119,590297,2817,No
19.99,1765.47,28.41,32.83,51.32,979.98,4.96,87.04,1035.01,4.16,0.3422,0.0177,-0.3695,28.14,90,1241519,6390,Yes
23.93,2914.39,34.2,27.59,80.12,650.67,7.84,58.07,971.75,4.935,0.5409,-0.1342,-0.5571,32.46,335,990923,2298,Yes
2.65,590.73,7.98,-35.97,120.32,3205.3,3.04,17.99,1059.26,4.815833333,0.2095,0.0751,-0.2407,29.44,318,851669,5838,No
4.98,555.03,9.4,41.85,175.37,2474.24,0.31,12.45,1053.51,4.5775,0.4175,-0.1998,-0.3861,20.1,222,1514190,7397,No
17.87,2248.37,27.51,-28.36,80.84,1852.1,4.53,95.87,1034.85,4.5775,0.1152,0.0251,-0.2048,33.95,224,133487,45110,Yes
22.5,1809.74,39.75,23.77,46.88,204.6,4.76,67.5,1025.36,5.249166667,0.2649,0.0408,-0.3005,37.78,32,1576869,7920,Yes
5.38,1363.73,11.51,43.12,161.12,3995.84,1.9,20.29,942.34,4.5775,0.1116,0.1446,-0.1332,22.21,512,1379545,2016,No
6.27,429.26,2.33,43.4,170.5,3860.3,3.25,8.67,947.08,3.9775,0.2333,0.1452,-0.4211,30.27,147,728999,3182,No
18.35,2091.05,36.71,19.94,32.65,547.94,5.47,95.14,959.64,5.245833333,0.1931,-0.0523,-0.2066,29.84,47,283583,954,Yes
10.73,100.39,9.25,41.1,109.02,3033.48,2.74,26.54,942.84,4.679166667,0.1425,0.0278,-0.163,27.41,211,949443,1341,No
27.43,1628.38,24.41,18.95,11.54,1783.22,7.11,86.95,1001.25,5.146666667,0.0153,-0.195,0.0405,35.39,280,2228935,7502,Yes
0.7,1079.9,2.02,42.69,176.72,2869.27,3.06,3.77,940.35,5.3225,0.1819,-0.0821,-0.1735,22.7,243,818008,1736,No
1.69,663.1,19.36,44.54,142.66,3027.33,2.55,42.65,1054.85,5.245833333,-0.1617,-0.0866,0.2121,34.81,6,2684487,2040,No
29.01,2944.06,22.18,28.35,13.1,1283.83,4.29,91.76,1007.27,4.173333333,-0.0269,-0.3064,0.0207,18.09,280,1032754,4790,Yes
13.07,1184.02,12.53,44.54,173.15,3811.58,1.17,31.64,1059.86,5.2525,0.2603,0.1205,-0.2787,30.01,125,139820,4653,No
17.27,1868.63,38.12,-16.32,15.61,288.03,5.52,81.34,993.42,5.421666667,0.1158,0.095,-0.1224,28.89,12,3307743,17718,Yes
12.57,375.66,5.26,-33.03,151.56,2532.9,3.3,3.4,944.57,4.7975,0.8534,-0.2421,-0.7621,24.54,890,6081322,4549,No
29.14,1572.1,24.45,-2.82,47.65,382.18,7.38,70.0,990.45,5.2525,0.3889,-0.1598,-0.3876,25.17,318,2001762,1788,Yes
27.77,2817.15,25.42,18.51,53.57,1800.02,7.65,57.72,1005.67,4.16,0.732,-0.2516,-0.6512,26.57,133,1206516,3033,Yes
13.77,1149.6,17.33,-33.02,166.59,3626.0,3.31,22.12,1058.25,4.765833333,0.2703,0.0326,-0.3255,17.62,277,927140,0,No
12.77,566.33,0.4,47.28,100.88,2074.81,0.84,40.14,940.1,4.679166667,0.1104,0.0734,-0.1572,26.65,309,1486777,0,No
13.17,137.31,15.17,47.71,174.3,2414.66,0.27,8.92,948.15,4.5775,0.1785,-0.2035,-0.0783,29.73,41,2251744,5760,No
6.68,886.51,15.2,45.57,101.31,2224.02,1.78,32.43,948.41,4.4525,0.1067,0.1291,-0.1828,42.8,69,1401639,0,No
10.19,279.91,0.72,-34.13,92.85,3664.26,0.81,12.37,1056.67,3.489166667,0.4665,-0.0336,-0.4468,30.36,349,693947,2036,No
1.66,1178.97,18.67,-38.62,122.43,2612.81,0.19,24.01,1058.23,4.9925,0.0663,0.0186,-0.1092,24.12,6,250260,1786,No
27.71,1926.63,20.65,-16.07,51.63,553.53,7.73,59.22,1016.4,4.16,0.2356,0.049,-0.2533,36.67,21,757847,3427,Yes
0.84,908.56,17.85,-38.56,165.86,3453.17,2.55,16.19,1053.15,5.245833333,0.1597,0.0759,-0.242,31.11,69,613192,5791,No
3.79,982.99,15.67,-36.34,101.79,3277.63,2.66,46.78,1051.42,4.6025,0.0701,0.2601,-0.1473,33.19,134,795332,0,No
